DEBUG:matplotlib:matplotlib data path: /home/antonio/miniconda3/envs/jax_qdots/lib/python3.12/site-packages/matplotlib/mpl-data
DEBUG:matplotlib:CONFIGDIR=/home/antonio/.config/matplotlib
DEBUG:matplotlib:interactive is False
DEBUG:matplotlib:platform is linux
DEBUG:matplotlib:CACHEDIR=/home/antonio/.cache/matplotlib
DEBUG:matplotlib.font_manager:Using fontManager instance from /home/antonio/.cache/matplotlib/fontlist-v330.json
WARNING:jax._src.pjit:TRACING CACHE MISS at /home/antonio/dev/qdots_efficient/qdots_qll/models/single_dot_weak_coupling_GAME.py:22:8 (<module>) because:
  never seen function:
    convert_element_type id=131379365153504 defined at /home/antonio/miniconda3/envs/jax_qdots/lib/python3.12/site-packages/jax/_src/dispatch.py:93
INFO:jax._src.xla_bridge:Unable to initialize backend 'rocm': module 'jaxlib.xla_extension' has no attribute 'GpuAllocatorConfig'
INFO:jax._src.xla_bridge:Unable to initialize backend 'tpu': INTERNAL: Failed to open libtpu.so: libtpu.so: cannot open shared object file: No such file or directory
DEBUG:jax._src.compiler:get_compile_options: num_replicas=1 num_partitions=1 device_assignment=[[cuda(id=0)]]
DEBUG:jax._src.compiler:get_compile_options XLA-AutoFDO profile: using XLA-AutoFDO profile version -1
DEBUG:jax._src.compiler:Persistent compilation cache hit for 'jit_convert_element_type'
WARNING:jax._src.pjit:TRACING CACHE MISS at /home/antonio/dev/qdots_efficient/qdots_qll/models/single_dot_weak_coupling_GAME.py:28:8 (<module>) because:
  never seen function:
    convert_element_type id=131379379430368 defined at /home/antonio/miniconda3/envs/jax_qdots/lib/python3.12/site-packages/jax/_src/dispatch.py:93
DEBUG:jax._src.compiler:get_compile_options: num_replicas=1 num_partitions=1 device_assignment=[[cuda(id=0)]]
DEBUG:jax._src.compiler:get_compile_options XLA-AutoFDO profile: using XLA-AutoFDO profile version -1
DEBUG:jax._src.compiler:Persistent compilation cache hit for 'jit_convert_element_type'
WARNING:jax._src.pjit:TRACING CACHE MISS at /home/antonio/dev/qdots_efficient/qdots_qll/models/single_dot_weak_coupling_GAME.py:20:5 (<module>) because:
  for convert_element_type defined at /home/antonio/miniconda3/envs/jax_qdots/lib/python3.12/site-packages/jax/_src/dispatch.py:93
  never seen input type signature:
    args[0]: i32[2,2]
  closest seen input type signature has 1 mismatches, including:
    * at args[0], seen c64[2,2], but now given i32[2,2]
DEBUG:jax._src.compiler:get_compile_options: num_replicas=1 num_partitions=1 device_assignment=[[cuda(id=0)]]
DEBUG:jax._src.compiler:get_compile_options XLA-AutoFDO profile: using XLA-AutoFDO profile version -1
DEBUG:jax._src.compiler:Persistent compilation cache hit for 'jit_convert_element_type'
WARNING:jax._src.pjit:TRACING CACHE MISS at /home/antonio/dev/qdots_efficient/qdots_qll/models/single_dot_weak_coupling_GAME.py:20:5 (<module>) because:
  never seen function:
    broadcast_in_dim id=131379361957984 defined at /home/antonio/miniconda3/envs/jax_qdots/lib/python3.12/site-packages/jax/_src/dispatch.py:93
DEBUG:jax._src.compiler:get_compile_options: num_replicas=1 num_partitions=1 device_assignment=[[cuda(id=0)]]
DEBUG:jax._src.compiler:get_compile_options XLA-AutoFDO profile: using XLA-AutoFDO profile version -1
DEBUG:jax._src.compiler:Persistent compilation cache hit for 'jit_broadcast_in_dim'
WARNING:jax._src.pjit:TRACING CACHE MISS at /home/antonio/dev/qdots_efficient/qdots_qll/models/single_dot_weak_coupling_GAME.py:20:5 (<module>) because:
  never seen function:
    concatenate id=131379361961344 defined at /home/antonio/miniconda3/envs/jax_qdots/lib/python3.12/site-packages/jax/_src/dispatch.py:93
  but seen another function defined on the same line; maybe the function is
  being re-defined repeatedly, preventing caching?
DEBUG:jax._src.compiler:get_compile_options: num_replicas=1 num_partitions=1 device_assignment=[[cuda(id=0)]]
DEBUG:jax._src.compiler:get_compile_options XLA-AutoFDO profile: using XLA-AutoFDO profile version -1
DEBUG:jax._src.compiler:Persistent compilation cache hit for 'jit_concatenate'
DEBUG:jax._src.compiler:get_compile_options: num_replicas=1 num_partitions=1 device_assignment=[[cuda(id=0)]]
DEBUG:jax._src.compiler:get_compile_options XLA-AutoFDO profile: using XLA-AutoFDO profile version -1
DEBUG:jax._src.compiler:Persistent compilation cache hit for 'jit_sqrt'
DEBUG:jax._src.compiler:get_compile_options: num_replicas=1 num_partitions=1 device_assignment=[[cuda(id=0)]]
DEBUG:jax._src.compiler:get_compile_options XLA-AutoFDO profile: using XLA-AutoFDO profile version -1
DEBUG:jax._src.compiler:Persistent compilation cache hit for 'jit_true_divide'
WARNING:jax._src.pjit:TRACING CACHE MISS at /home/antonio/dev/qdots_efficient/qdots_qll/models/single_dot_weak_coupling_GAME.py:64:18 (<module>) because:
  never seen function:
    convert_element_type id=131379361967744 defined at /home/antonio/miniconda3/envs/jax_qdots/lib/python3.12/site-packages/jax/_src/dispatch.py:93
DEBUG:jax._src.compiler:get_compile_options: num_replicas=1 num_partitions=1 device_assignment=[[cuda(id=0)]]
DEBUG:jax._src.compiler:get_compile_options XLA-AutoFDO profile: using XLA-AutoFDO profile version -1
DEBUG:jax._src.compiler:Persistent compilation cache hit for 'jit_convert_element_type'
WARNING:jax._src.pjit:TRACING CACHE MISS at /home/antonio/dev/qdots_efficient/qdots_qll/models/single_dot_weak_coupling_GAME.py:67:4 (<module>) because:
  for convert_element_type defined at /home/antonio/miniconda3/envs/jax_qdots/lib/python3.12/site-packages/jax/_src/dispatch.py:93
  never seen input type signature:
    args[0]: c64[6,2,2]
  closest seen input type signature has 1 mismatches, including:
    * at args[0], seen c64[2,2], but now given c64[6,2,2]
DEBUG:jax._src.compiler:get_compile_options: num_replicas=1 num_partitions=1 device_assignment=[[cuda(id=0)]]
DEBUG:jax._src.compiler:get_compile_options XLA-AutoFDO profile: using XLA-AutoFDO profile version -1
DEBUG:jax._src.compiler:Persistent compilation cache hit for 'jit_convert_element_type'
DEBUG:jax._src.compiler:get_compile_options: num_replicas=1 num_partitions=1 device_assignment=[[cuda(id=0)]]
DEBUG:jax._src.compiler:get_compile_options XLA-AutoFDO profile: using XLA-AutoFDO profile version -1
DEBUG:jax._src.compiler:Persistent compilation cache hit for 'jit_true_divide'
WARNING:jax._src.pjit:TRACING CACHE MISS at /home/antonio/dev/qdots_efficient/qdots_qll/models/single_dot_weak_coupling_GAME.py:78:2 (<module>) because:
  never seen function:
    reshape id=131379361971744 defined at /home/antonio/miniconda3/envs/jax_qdots/lib/python3.12/site-packages/jax/_src/dispatch.py:93
DEBUG:jax._src.compiler:get_compile_options: num_replicas=1 num_partitions=1 device_assignment=[[cuda(id=0)]]
DEBUG:jax._src.compiler:get_compile_options XLA-AutoFDO profile: using XLA-AutoFDO profile version -1
DEBUG:jax._src.compiler:Persistent compilation cache hit for 'jit_reshape'
WARNING:jax._src.pjit:TRACING CACHE MISS at /home/antonio/dev/qdots_efficient/qdots_qll/models/single_dot_weak_coupling_GAME.py:87:20 (<module>) because:
  for convert_element_type defined at /home/antonio/miniconda3/envs/jax_qdots/lib/python3.12/site-packages/jax/_src/dispatch.py:93
  never seen input type signature:
    args[0]: c64[4,2,2]
  closest seen input type signature has 1 mismatches, including:
    * at args[0], seen c64[2,2], but now given c64[4,2,2]
DEBUG:jax._src.compiler:get_compile_options: num_replicas=1 num_partitions=1 device_assignment=[[cuda(id=0)]]
DEBUG:jax._src.compiler:get_compile_options XLA-AutoFDO profile: using XLA-AutoFDO profile version -1
DEBUG:jax._src.compiler:Persistent compilation cache hit for 'jit_convert_element_type'
DEBUG:jax._src.compiler:get_compile_options: num_replicas=1 num_partitions=1 device_assignment=[[cuda(id=0)]]
DEBUG:jax._src.compiler:get_compile_options XLA-AutoFDO profile: using XLA-AutoFDO profile version -1
DEBUG:jax._src.compiler:Persistent compilation cache hit for 'jit__einsum'
DEBUG:jax._src.compiler:get_compile_options: num_replicas=1 num_partitions=1 device_assignment=[[cuda(id=0)]]
DEBUG:jax._src.compiler:get_compile_options XLA-AutoFDO profile: using XLA-AutoFDO profile version -1
DEBUG:jax._src.compiler:Persistent compilation cache hit for 'jit_real'
WARNING:jax._src.pjit:TRACING CACHE MISS at /home/antonio/dev/qdots_efficient/qdots_qll/models/single_dot_weak_coupling_GAME.py:89:23 (<module>) because:
  never seen function:
    transpose id=131379361959264 defined at /home/antonio/miniconda3/envs/jax_qdots/lib/python3.12/site-packages/jax/_src/dispatch.py:93
DEBUG:jax._src.compiler:get_compile_options: num_replicas=1 num_partitions=1 device_assignment=[[cuda(id=0)]]
DEBUG:jax._src.compiler:get_compile_options XLA-AutoFDO profile: using XLA-AutoFDO profile version -1
DEBUG:jax._src.compiler:Persistent compilation cache hit for 'jit_transpose'
WARNING:jax._src.pjit:TRACING CACHE MISS at /home/antonio/dev/qdots_efficient/profiling/step_abstraction.py:37:6 (<module>) because:
  for convert_element_type defined at /home/antonio/miniconda3/envs/jax_qdots/lib/python3.12/site-packages/jax/_src/dispatch.py:93
  never seen input type signature:
    args[0]: i32[]
  closest seen input type signature has 1 mismatches, including:
    * at args[0], seen i32[2,2], but now given i32[]
DEBUG:jax._src.compiler:get_compile_options: num_replicas=1 num_partitions=1 device_assignment=[[cuda(id=0)]]
DEBUG:jax._src.compiler:get_compile_options XLA-AutoFDO profile: using XLA-AutoFDO profile version -1
DEBUG:jax._src.compiler:Persistent compilation cache hit for 'jit_convert_element_type'
DEBUG:jax._src.compiler:get_compile_options: num_replicas=1 num_partitions=1 device_assignment=[[cuda(id=0)]]
DEBUG:jax._src.compiler:get_compile_options XLA-AutoFDO profile: using XLA-AutoFDO profile version -1
DEBUG:jax._src.compiler:Persistent compilation cache hit for 'jit__threefry_seed'
WARNING:jax._src.pjit:TRACING CACHE MISS at /home/antonio/dev/qdots_efficient/profiling/step_abstraction.py:38:14 (<module>) because:
  never seen function:
    _threefry_split id=131379990331232 defined at /home/antonio/miniconda3/envs/jax_qdots/lib/python3.12/site-packages/jax/_src/prng.py:1204
DEBUG:jax._src.compiler:get_compile_options: num_replicas=1 num_partitions=1 device_assignment=[[cuda(id=0)]]
DEBUG:jax._src.compiler:get_compile_options XLA-AutoFDO profile: using XLA-AutoFDO profile version -1
DEBUG:jax._src.compiler:Persistent compilation cache hit for 'jit__threefry_split'
WARNING:jax._src.pjit:TRACING CACHE MISS at /home/antonio/dev/qdots_efficient/profiling/step_abstraction.py:38 (<module>) because:
  never seen function:
    _unstack id=131379991552192 defined at /home/antonio/miniconda3/envs/jax_qdots/lib/python3.12/site-packages/jax/_src/numpy/array_methods.py:337
DEBUG:jax._src.compiler:get_compile_options: num_replicas=1 num_partitions=1 device_assignment=[[cuda(id=0)]]
DEBUG:jax._src.compiler:get_compile_options XLA-AutoFDO profile: using XLA-AutoFDO profile version -1
DEBUG:jax._src.compiler:Persistent compilation cache hit for 'jit__unstack'
WARNING:jax._src.pjit:TRACING CACHE MISS at /home/antonio/dev/qdots_efficient/qdots_qll/models/models_scratch_for_drafting.py:35:24 (BaseClassDimension.__init__) because:
  for convert_element_type defined at /home/antonio/miniconda3/envs/jax_qdots/lib/python3.12/site-packages/jax/_src/dispatch.py:93
  never seen input type signature:
    args[0]: f32[]
  closest seen input type signature has 1 mismatches, including:
    * at args[0], seen f32[4], but now given f32[]
DEBUG:jax._src.compiler:get_compile_options: num_replicas=1 num_partitions=1 device_assignment=[[cuda(id=0)]]
DEBUG:jax._src.compiler:get_compile_options XLA-AutoFDO profile: using XLA-AutoFDO profile version -1
DEBUG:jax._src.compiler:Persistent compilation cache hit for 'jit_convert_element_type'
WARNING:jax._src.pjit:TRACING CACHE MISS at /home/antonio/dev/qdots_efficient/qdots_qll/models/models_scratch_for_drafting.py:35:24 (BaseClassDimension.__init__) because:
  never seen function:
    broadcast_in_dim id=131379360786496 defined at /home/antonio/miniconda3/envs/jax_qdots/lib/python3.12/site-packages/jax/_src/dispatch.py:93
DEBUG:jax._src.compiler:get_compile_options: num_replicas=1 num_partitions=1 device_assignment=[[cuda(id=0)]]
DEBUG:jax._src.compiler:get_compile_options XLA-AutoFDO profile: using XLA-AutoFDO profile version -1
DEBUG:jax._src.compiler:Persistent compilation cache hit for 'jit_broadcast_in_dim'
WARNING:jax._src.pjit:TRACING CACHE MISS at /home/antonio/dev/qdots_efficient/qdots_qll/models/single_dot_weak_coupling_GAME.py:194:30 (SingleDotWeakCouplingGAME.__init__) because:
  never seen function:
    iota id=131379360788736 defined at /home/antonio/miniconda3/envs/jax_qdots/lib/python3.12/site-packages/jax/_src/dispatch.py:93
DEBUG:jax._src.compiler:get_compile_options: num_replicas=1 num_partitions=1 device_assignment=[[cuda(id=0)]]
DEBUG:jax._src.compiler:get_compile_options XLA-AutoFDO profile: using XLA-AutoFDO profile version -1
DEBUG:jax._src.compiler:Persistent compilation cache hit for 'jit_iota'
WARNING:jax._src.pjit:TRACING CACHE MISS at /home/antonio/dev/qdots_efficient/qdots_qll/models/single_dot_weak_coupling_GAME.py:194:30 (SingleDotWeakCouplingGAME.__init__) because:
  never seen function:
    add id=131379360790816 defined at /home/antonio/miniconda3/envs/jax_qdots/lib/python3.12/site-packages/jax/_src/dispatch.py:93
  but seen another function defined on the same line; maybe the function is
  being re-defined repeatedly, preventing caching?
DEBUG:jax._src.compiler:get_compile_options: num_replicas=1 num_partitions=1 device_assignment=[[cuda(id=0)]]
DEBUG:jax._src.compiler:get_compile_options XLA-AutoFDO profile: using XLA-AutoFDO profile version -1
DEBUG:jax._src.compiler:Persistent compilation cache hit for 'jit_add'
WARNING:jax._src.pjit:TRACING CACHE MISS at /home/antonio/dev/qdots_efficient/qdots_qll/models/single_dot_weak_coupling_GAME.py:194:30 (SingleDotWeakCouplingGAME.__init__) because:
  never seen function:
    iota id=131379361120640 defined at /home/antonio/miniconda3/envs/jax_qdots/lib/python3.12/site-packages/jax/_src/dispatch.py:93
  but seen another function defined on the same line; maybe the function is
  being re-defined repeatedly, preventing caching?
DEBUG:jax._src.compiler:get_compile_options: num_replicas=1 num_partitions=1 device_assignment=[[cuda(id=0)]]
DEBUG:jax._src.compiler:get_compile_options XLA-AutoFDO profile: using XLA-AutoFDO profile version -1
DEBUG:jax._src.compiler:Persistent compilation cache hit for 'jit_iota'
WARNING:jax._src.pjit:TRACING CACHE MISS at /home/antonio/dev/qdots_efficient/qdots_qll/models/single_dot_weak_coupling_GAME.py:194:30 (SingleDotWeakCouplingGAME.__init__) because:
  never seen function:
    eq id=131379361123200 defined at /home/antonio/miniconda3/envs/jax_qdots/lib/python3.12/site-packages/jax/_src/dispatch.py:93
  but seen another function defined on the same line; maybe the function is
  being re-defined repeatedly, preventing caching?
DEBUG:jax._src.compiler:get_compile_options: num_replicas=1 num_partitions=1 device_assignment=[[cuda(id=0)]]
DEBUG:jax._src.compiler:get_compile_options XLA-AutoFDO profile: using XLA-AutoFDO profile version -1
DEBUG:jax._src.compiler:Persistent compilation cache hit for 'jit_eq'
WARNING:jax._src.pjit:TRACING CACHE MISS at /home/antonio/dev/qdots_efficient/qdots_qll/models/single_dot_weak_coupling_GAME.py:194:30 (SingleDotWeakCouplingGAME.__init__) because:
  for convert_element_type defined at /home/antonio/miniconda3/envs/jax_qdots/lib/python3.12/site-packages/jax/_src/dispatch.py:93
  never seen input type signature:
    args[0]: bool[4,4]
  closest seen input type signature has 1 mismatches, including:
    * at args[0], seen f32[4], but now given bool[4,4]
DEBUG:jax._src.compiler:get_compile_options: num_replicas=1 num_partitions=1 device_assignment=[[cuda(id=0)]]
DEBUG:jax._src.compiler:get_compile_options XLA-AutoFDO profile: using XLA-AutoFDO profile version -1
DEBUG:jax._src.compiler:Persistent compilation cache hit for 'jit_convert_element_type'
DEBUG:jax._src.compiler:get_compile_options: num_replicas=1 num_partitions=1 device_assignment=[[cuda(id=0)]]
DEBUG:jax._src.compiler:get_compile_options XLA-AutoFDO profile: using XLA-AutoFDO profile version -1
DEBUG:jax._src.compiler:Persistent compilation cache hit for 'jit__einsum'
DEBUG:jax._src.compiler:get_compile_options: num_replicas=1 num_partitions=1 device_assignment=[[cuda(id=0)]]
DEBUG:jax._src.compiler:get_compile_options XLA-AutoFDO profile: using XLA-AutoFDO profile version -1
DEBUG:jax._src.compiler:Persistent compilation cache hit for 'jit_real'
DEBUG:jax._src.compiler:get_compile_options: num_replicas=1 num_partitions=1 device_assignment=[[cuda(id=0)]]
DEBUG:jax._src.compiler:get_compile_options XLA-AutoFDO profile: using XLA-AutoFDO profile version -1
DEBUG:jax._src.compiler:Persistent compilation cache hit for 'jit_multiply'
DEBUG:jax._src.compiler:get_compile_options: num_replicas=1 num_partitions=1 device_assignment=[[cuda(id=0)]]
DEBUG:jax._src.compiler:get_compile_options XLA-AutoFDO profile: using XLA-AutoFDO profile version -1
DEBUG:jax._src.compiler:Persistent compilation cache hit for 'jit_true_divide'
DEBUG:jax._src.compiler:get_compile_options: num_replicas=1 num_partitions=1 device_assignment=[[cuda(id=0)]]
DEBUG:jax._src.compiler:get_compile_options XLA-AutoFDO profile: using XLA-AutoFDO profile version -1
DEBUG:jax._src.compiler:Persistent compilation cache hit for 'jit_add'
WARNING:jax._src.pjit:TRACING CACHE MISS at /home/antonio/dev/qdots_efficient/qdots_qll/models/single_dot_weak_coupling_GAME.py:262:12 (SingleDotWeakCouplingGAME.make_Aij) because:
  never seen function:
    eigh id=131379991164736 defined at /home/antonio/miniconda3/envs/jax_qdots/lib/python3.12/site-packages/jax/_src/numpy/linalg.py:774
DEBUG:jax._src.compiler:get_compile_options: num_replicas=1 num_partitions=1 device_assignment=[[cuda(id=0)]]
DEBUG:jax._src.compiler:get_compile_options XLA-AutoFDO profile: using XLA-AutoFDO profile version -1
DEBUG:jax._src.compiler:Persistent compilation cache hit for 'jit_eigh'
DEBUG:jax._src.compiler:get_compile_options: num_replicas=1 num_partitions=1 device_assignment=[[cuda(id=0)]]
DEBUG:jax._src.compiler:get_compile_options XLA-AutoFDO profile: using XLA-AutoFDO profile version -1
DEBUG:jax._src.compiler:Persistent compilation cache hit for 'jit_matmul'
WARNING:jax._src.pjit:TRACING CACHE MISS at /home/antonio/dev/qdots_efficient/qdots_qll/models/models_scratch_for_drafting.py:39:29 (BaseClassDimension.dag) because:
  for transpose defined at /home/antonio/miniconda3/envs/jax_qdots/lib/python3.12/site-packages/jax/_src/dispatch.py:93
  never seen input type signature:
    args[0]: f32[2,2]
  closest seen input type signature has 1 mismatches, including:
    * at args[0], seen f32[4,4], but now given f32[2,2]
DEBUG:jax._src.compiler:get_compile_options: num_replicas=1 num_partitions=1 device_assignment=[[cuda(id=0)]]
DEBUG:jax._src.compiler:get_compile_options XLA-AutoFDO profile: using XLA-AutoFDO profile version -1
DEBUG:jax._src.compiler:Persistent compilation cache hit for 'jit_transpose'
DEBUG:jax._src.compiler:get_compile_options: num_replicas=1 num_partitions=1 device_assignment=[[cuda(id=0)]]
DEBUG:jax._src.compiler:get_compile_options XLA-AutoFDO profile: using XLA-AutoFDO profile version -1
DEBUG:jax._src.compiler:Persistent compilation cache hit for 'jit_conjugate'
DEBUG:jax._src.compiler:get_compile_options: num_replicas=1 num_partitions=1 device_assignment=[[cuda(id=0)]]
DEBUG:jax._src.compiler:get_compile_options XLA-AutoFDO profile: using XLA-AutoFDO profile version -1
DEBUG:jax._src.compiler:Persistent compilation cache hit for 'jit_matmul'
DEBUG:jax._src.compiler:get_compile_options: num_replicas=1 num_partitions=1 device_assignment=[[cuda(id=0)]]
DEBUG:jax._src.compiler:get_compile_options XLA-AutoFDO profile: using XLA-AutoFDO profile version -1
DEBUG:jax._src.compiler:Persistent compilation cache hit for 'jit__einsum'
WARNING:jax._src.pjit:TRACING CACHE MISS at /home/antonio/dev/qdots_efficient/qdots_qll/models/single_dot_weak_coupling_GAME.py:202:40 (SingleDotWeakCouplingGAME.__init__.<locals>.<lambda>) because:
  never seen function:
    BaseClassDimension.vec id=131379364875936 defined at /home/antonio/dev/qdots_efficient/qdots_qll/models/models_scratch_for_drafting.py:41
DEBUG:jax._src.compiler:get_compile_options: num_replicas=1 num_partitions=1 device_assignment=[[cuda(id=0)]]
DEBUG:jax._src.compiler:get_compile_options XLA-AutoFDO profile: using XLA-AutoFDO profile version -1
DEBUG:jax._src.compiler:Persistent compilation cache hit for 'jit_vec'
WARNING:jax._src.pjit:TRACING CACHE MISS at /home/antonio/dev/qdots_efficient/profiling/step_abstraction.py:43:13 (<module>) because:
  for convert_element_type defined at /home/antonio/miniconda3/envs/jax_qdots/lib/python3.12/site-packages/jax/_src/dispatch.py:93
  never seen input type signature:
    args[0]: f32[4,2]
  closest seen input type signature has 1 mismatches, including:
    * at args[0], seen f32[4], but now given f32[4,2]
DEBUG:jax._src.compiler:get_compile_options: num_replicas=1 num_partitions=1 device_assignment=[[cuda(id=0)]]
DEBUG:jax._src.compiler:get_compile_options XLA-AutoFDO profile: using XLA-AutoFDO profile version -1
DEBUG:jax._src.compiler:Persistent compilation cache hit for 'jit_convert_element_type'
DEBUG:jax._src.compiler:get_compile_options: num_replicas=1 num_partitions=1 device_assignment=[[cuda(id=0)]]
DEBUG:jax._src.compiler:get_compile_options XLA-AutoFDO profile: using XLA-AutoFDO profile version -1
DEBUG:jax._src.compiler:Persistent compilation cache hit for 'jit__mean'
WARNING:jax._src.pjit:TRACING CACHE MISS at /home/antonio/dev/qdots_efficient/profiling/step_abstraction.py:54:8 (<module>) because:
  never seen function:
    _var id=131379995368704 defined at /home/antonio/miniconda3/envs/jax_qdots/lib/python3.12/site-packages/jax/_src/numpy/reductions.py:440
WARNING:jax._src.pjit:TRACING CACHE MISS at /home/antonio/dev/qdots_efficient/profiling/step_abstraction.py:54:8 (<module>) because:
  never seen function:
    _std id=131379995370304 defined at /home/antonio/miniconda3/envs/jax_qdots/lib/python3.12/site-packages/jax/_src/numpy/reductions.py:501
  but seen another function defined on the same line; maybe the function is
  being re-defined repeatedly, preventing caching?
DEBUG:jax._src.compiler:get_compile_options: num_replicas=1 num_partitions=1 device_assignment=[[cuda(id=0)]]
DEBUG:jax._src.compiler:get_compile_options XLA-AutoFDO profile: using XLA-AutoFDO profile version -1
DEBUG:jax._src.compiler:Persistent compilation cache hit for 'jit__std'
DEBUG:tensorflow:Falling back to TensorFlow client; we recommended you install the Cloud TPU client directly with pip install cloud-tpu-client.
DEBUG:h5py._conv:Creating converter from 7 to 5
DEBUG:h5py._conv:Creating converter from 5 to 7
DEBUG:h5py._conv:Creating converter from 7 to 5
DEBUG:h5py._conv:Creating converter from 5 to 7
DEBUG:jax._src.compiler:get_compile_options: num_replicas=1 num_partitions=1 device_assignment=[[cuda(id=0)]]
DEBUG:jax._src.compiler:get_compile_options XLA-AutoFDO profile: using XLA-AutoFDO profile version -1
DEBUG:jax._src.compiler:Persistent compilation cache hit for 'jit_true_divide'
WARNING:jax._src.pjit:TRACING CACHE MISS at /home/antonio/dev/qdots_efficient/profiling/step_abstraction.py:58:36 (<module>) because:
  never seen function:
    dynamic_slice id=131379361376160 defined at /home/antonio/miniconda3/envs/jax_qdots/lib/python3.12/site-packages/jax/_src/dispatch.py:93
DEBUG:jax._src.compiler:get_compile_options: num_replicas=1 num_partitions=1 device_assignment=[[cuda(id=0)]]
DEBUG:jax._src.compiler:get_compile_options XLA-AutoFDO profile: using XLA-AutoFDO profile version -1
DEBUG:jax._src.compiler:Persistent compilation cache hit for 'jit_dynamic_slice'
WARNING:jax._src.pjit:TRACING CACHE MISS at /home/antonio/dev/qdots_efficient/profiling/step_abstraction.py:58:36 (<module>) because:
  never seen function:
    squeeze id=131377247570816 defined at /home/antonio/miniconda3/envs/jax_qdots/lib/python3.12/site-packages/jax/_src/dispatch.py:93
  but seen another function defined on the same line; maybe the function is
  being re-defined repeatedly, preventing caching?
DEBUG:jax._src.compiler:get_compile_options: num_replicas=1 num_partitions=1 device_assignment=[[cuda(id=0)]]
DEBUG:jax._src.compiler:get_compile_options XLA-AutoFDO profile: using XLA-AutoFDO profile version -1
DEBUG:jax._src.compiler:Persistent compilation cache hit for 'jit_squeeze'
DEBUG:jax._src.compiler:get_compile_options: num_replicas=1 num_partitions=1 device_assignment=[[cuda(id=0)]]
DEBUG:jax._src.compiler:get_compile_options XLA-AutoFDO profile: using XLA-AutoFDO profile version -1
DEBUG:jax._src.compiler:Persistent compilation cache hit for 'jit_subtract'
DEBUG:jax._src.compiler:get_compile_options: num_replicas=1 num_partitions=1 device_assignment=[[cuda(id=0)]]
DEBUG:jax._src.compiler:get_compile_options XLA-AutoFDO profile: using XLA-AutoFDO profile version -1
DEBUG:jax._src.compiler:Persistent compilation cache hit for 'jit_true_divide'
WARNING:jax._src.pjit:TRACING CACHE MISS at /home/antonio/dev/qdots_efficient/profiling/step_abstraction.py:62:27 (<module>) because:
  never seen function:
    _uniform id=131379990358880 defined at /home/antonio/miniconda3/envs/jax_qdots/lib/python3.12/site-packages/jax/_src/random.py:400
WARNING:jax._src.pjit:TRACING CACHE MISS at /home/antonio/dev/qdots_efficient/profiling/step_abstraction.py:62:27 (<module>) because:
  never seen function:
    clip id=131379995713248 defined at /home/antonio/miniconda3/envs/jax_qdots/lib/python3.12/site-packages/jax/_src/numpy/lax_numpy.py:1550
  but seen another function defined on the same line; maybe the function is
  being re-defined repeatedly, preventing caching?
WARNING:jax._src.pjit:TRACING CACHE MISS at /home/antonio/dev/qdots_efficient/profiling/step_abstraction.py:62:27 (<module>) because:
  never seen function:
    _truncated_normal id=131379990416416 defined at /home/antonio/miniconda3/envs/jax_qdots/lib/python3.12/site-packages/jax/_src/random.py:860
  but seen another function defined on the same line; maybe the function is
  being re-defined repeatedly, preventing caching?
DEBUG:jax._src.compiler:get_compile_options: num_replicas=1 num_partitions=1 device_assignment=[[cuda(id=0)]]
DEBUG:jax._src.compiler:get_compile_options XLA-AutoFDO profile: using XLA-AutoFDO profile version -1
DEBUG:jax._src.compiler:Persistent compilation cache hit for 'jit__truncated_normal'
DEBUG:jax._src.compiler:get_compile_options: num_replicas=1 num_partitions=1 device_assignment=[[cuda(id=0)]]
DEBUG:jax._src.compiler:get_compile_options XLA-AutoFDO profile: using XLA-AutoFDO profile version -1
DEBUG:jax._src.compiler:Persistent compilation cache hit for 'jit_multiply'
DEBUG:jax._src.compiler:get_compile_options: num_replicas=1 num_partitions=1 device_assignment=[[cuda(id=0)]]
DEBUG:jax._src.compiler:get_compile_options XLA-AutoFDO profile: using XLA-AutoFDO profile version -1
DEBUG:jax._src.compiler:Persistent compilation cache hit for 'jit_add'
WARNING:jax._src.pjit:TRACING CACHE MISS at /home/antonio/dev/qdots_efficient/profiling/step_abstraction.py:62:27 (<module>) because:
  for convert_element_type defined at /home/antonio/miniconda3/envs/jax_qdots/lib/python3.12/site-packages/jax/_src/dispatch.py:93
  never seen input type signature:
    args[0]: f32[0]
  closest seen input type signature has 1 mismatches, including:
    * at args[0], seen f32[4], but now given f32[0]
DEBUG:jax._src.compiler:get_compile_options: num_replicas=1 num_partitions=1 device_assignment=[[cuda(id=0)]]
DEBUG:jax._src.compiler:get_compile_options XLA-AutoFDO profile: using XLA-AutoFDO profile version -1
DEBUG:jax._src.compiler:Persistent compilation cache hit for 'jit_convert_element_type'
WARNING:jax._src.pjit:TRACING CACHE MISS at /home/antonio/dev/qdots_efficient/profiling/step_abstraction.py:62:27 (<module>) because:
  never seen function:
    broadcast_in_dim id=131377247583616 defined at /home/antonio/miniconda3/envs/jax_qdots/lib/python3.12/site-packages/jax/_src/dispatch.py:93
  but seen another function defined on the same line; maybe the function is
  being re-defined repeatedly, preventing caching?
DEBUG:jax._src.compiler:get_compile_options: num_replicas=1 num_partitions=1 device_assignment=[[cuda(id=0)]]
DEBUG:jax._src.compiler:get_compile_options XLA-AutoFDO profile: using XLA-AutoFDO profile version -1
DEBUG:jax._src.compiler:Persistent compilation cache hit for 'jit_broadcast_in_dim'
WARNING:jax._src.pjit:TRACING CACHE MISS at /home/antonio/dev/qdots_efficient/profiling/step_abstraction.py:65:10 (<module>) because:
  never seen function:
    broadcast_in_dim id=131377247577696 defined at /home/antonio/miniconda3/envs/jax_qdots/lib/python3.12/site-packages/jax/_src/dispatch.py:93
DEBUG:jax._src.compiler:get_compile_options: num_replicas=1 num_partitions=1 device_assignment=[[cuda(id=0)]]
DEBUG:jax._src.compiler:get_compile_options XLA-AutoFDO profile: using XLA-AutoFDO profile version -1
DEBUG:jax._src.compiler:Persistent compilation cache hit for 'jit_broadcast_in_dim'
DEBUG:jax._src.compiler:get_compile_options: num_replicas=1 num_partitions=1 device_assignment=[[cuda(id=0)]]
DEBUG:jax._src.compiler:get_compile_options XLA-AutoFDO profile: using XLA-AutoFDO profile version -1
DEBUG:jax._src.compiler:Persistent compilation cache hit for 'jit_true_divide'
DEBUG:jax._src.compiler:get_compile_options: num_replicas=1 num_partitions=1 device_assignment=[[cuda(id=0)]]
DEBUG:jax._src.compiler:get_compile_options XLA-AutoFDO profile: using XLA-AutoFDO profile version -1
DEBUG:jax._src.compiler:Persistent compilation cache hit for 'jit_log'
DEBUG:jax._src.compiler:get_compile_options: num_replicas=1 num_partitions=1 device_assignment=[[cuda(id=0)]]
DEBUG:jax._src.compiler:get_compile_options XLA-AutoFDO profile: using XLA-AutoFDO profile version -1
DEBUG:jax._src.compiler:Persistent compilation cache hit for 'jit_real'
DEBUG:jax._src.compiler:get_compile_options: num_replicas=1 num_partitions=1 device_assignment=[[cuda(id=0)]]
DEBUG:jax._src.compiler:get_compile_options XLA-AutoFDO profile: using XLA-AutoFDO profile version -1
DEBUG:jax._src.compiler:Persistent compilation cache hit for 'jit__reduce_max'
DEBUG:jax._src.compiler:get_compile_options: num_replicas=1 num_partitions=1 device_assignment=[[cuda(id=0)]]
DEBUG:jax._src.compiler:get_compile_options XLA-AutoFDO profile: using XLA-AutoFDO profile version -1
DEBUG:jax._src.compiler:Persistent compilation cache hit for 'jit_isfinite'
WARNING:jax._src.pjit:TRACING CACHE MISS at /home/antonio/dev/qdots_efficient/qdots_qll/distributions.py:107:34 (normalize_log_weights) because:
  never seen function:
    select_n id=131377246055744 defined at /home/antonio/miniconda3/envs/jax_qdots/lib/python3.12/site-packages/jax/_src/dispatch.py:93
DEBUG:jax._src.compiler:get_compile_options: num_replicas=1 num_partitions=1 device_assignment=[[cuda(id=0)]]
DEBUG:jax._src.compiler:get_compile_options XLA-AutoFDO profile: using XLA-AutoFDO profile version -1
DEBUG:jax._src.compiler:Persistent compilation cache hit for 'jit_select_n'
WARNING:jax._src.pjit:TRACING CACHE MISS at /home/antonio/dev/qdots_efficient/qdots_qll/distributions.py:107:34 (normalize_log_weights) because:
  for broadcast_in_dim defined at /home/antonio/miniconda3/envs/jax_qdots/lib/python3.12/site-packages/jax/_src/dispatch.py:93
  never seen input type signature:
    args[0]: f32[]
  closest seen input type signature has 1 mismatches, including:
    * at args[0], seen i32[], but now given f32[]
DEBUG:jax._src.compiler:get_compile_options: num_replicas=1 num_partitions=1 device_assignment=[[cuda(id=0)]]
DEBUG:jax._src.compiler:get_compile_options XLA-AutoFDO profile: using XLA-AutoFDO profile version -1
DEBUG:jax._src.compiler:Persistent compilation cache hit for 'jit_broadcast_in_dim'
WARNING:jax._src.pjit:TRACING CACHE MISS at /home/antonio/dev/qdots_efficient/qdots_qll/distributions.py:107:34 (normalize_log_weights) because:
  never seen function:
    sub id=131377246058304 defined at /home/antonio/miniconda3/envs/jax_qdots/lib/python3.12/site-packages/jax/_src/dispatch.py:93
  but seen another function defined on the same line; maybe the function is
  being re-defined repeatedly, preventing caching?
DEBUG:jax._src.compiler:get_compile_options: num_replicas=1 num_partitions=1 device_assignment=[[cuda(id=0)]]
DEBUG:jax._src.compiler:get_compile_options XLA-AutoFDO profile: using XLA-AutoFDO profile version -1
DEBUG:jax._src.compiler:Persistent compilation cache hit for 'jit_sub'
WARNING:jax._src.pjit:TRACING CACHE MISS at /home/antonio/dev/qdots_efficient/qdots_qll/distributions.py:107:34 (normalize_log_weights) because:
  never seen function:
    exp id=131377246372384 defined at /home/antonio/miniconda3/envs/jax_qdots/lib/python3.12/site-packages/jax/_src/dispatch.py:93
  but seen another function defined on the same line; maybe the function is
  being re-defined repeatedly, preventing caching?
DEBUG:jax._src.compiler:get_compile_options: num_replicas=1 num_partitions=1 device_assignment=[[cuda(id=0)]]
DEBUG:jax._src.compiler:get_compile_options XLA-AutoFDO profile: using XLA-AutoFDO profile version -1
DEBUG:jax._src.compiler:Persistent compilation cache hit for 'jit_exp'
DEBUG:jax._src.compiler:get_compile_options: num_replicas=1 num_partitions=1 device_assignment=[[cuda(id=0)]]
DEBUG:jax._src.compiler:get_compile_options XLA-AutoFDO profile: using XLA-AutoFDO profile version -1
DEBUG:jax._src.compiler:Persistent compilation cache hit for 'jit__reduce_sum'
WARNING:jax._src.pjit:TRACING CACHE MISS at /home/antonio/dev/qdots_efficient/qdots_qll/distributions.py:107:34 (normalize_log_weights) because:
  never seen function:
    sign id=131377246376224 defined at /home/antonio/miniconda3/envs/jax_qdots/lib/python3.12/site-packages/jax/_src/dispatch.py:93
  but seen another function defined on the same line; maybe the function is
  being re-defined repeatedly, preventing caching?
DEBUG:jax._src.compiler:get_compile_options: num_replicas=1 num_partitions=1 device_assignment=[[cuda(id=0)]]
DEBUG:jax._src.compiler:get_compile_options XLA-AutoFDO profile: using XLA-AutoFDO profile version -1
DEBUG:jax._src.compiler:Persistent compilation cache hit for 'jit_sign'
DEBUG:jax._src.compiler:get_compile_options: num_replicas=1 num_partitions=1 device_assignment=[[cuda(id=0)]]
DEBUG:jax._src.compiler:get_compile_options XLA-AutoFDO profile: using XLA-AutoFDO profile version -1
DEBUG:jax._src.compiler:Persistent compilation cache hit for 'jit_absolute'
WARNING:jax._src.pjit:TRACING CACHE MISS at /home/antonio/dev/qdots_efficient/qdots_qll/distributions.py:107:34 (normalize_log_weights) because:
  never seen function:
    log id=131377246379584 defined at /home/antonio/miniconda3/envs/jax_qdots/lib/python3.12/site-packages/jax/_src/dispatch.py:93
  but seen another function defined on the same line; maybe the function is
  being re-defined repeatedly, preventing caching?
DEBUG:jax._src.compiler:get_compile_options: num_replicas=1 num_partitions=1 device_assignment=[[cuda(id=0)]]
DEBUG:jax._src.compiler:get_compile_options XLA-AutoFDO profile: using XLA-AutoFDO profile version -1
DEBUG:jax._src.compiler:Persistent compilation cache hit for 'jit_log'
WARNING:jax._src.pjit:TRACING CACHE MISS at /home/antonio/dev/qdots_efficient/qdots_qll/distributions.py:107:34 (normalize_log_weights) because:
  for add defined at /home/antonio/miniconda3/envs/jax_qdots/lib/python3.12/site-packages/jax/_src/dispatch.py:93
  never seen input type signature:
    args[0]: f32[],  args[1]: f32[]
  closest seen input type signature has 2 mismatches, including:
    * at args[0], seen i32[4,4], but now given f32[]
    * at args[1], seen i32[], but now given f32[]
DEBUG:jax._src.compiler:get_compile_options: num_replicas=1 num_partitions=1 device_assignment=[[cuda(id=0)]]
DEBUG:jax._src.compiler:get_compile_options XLA-AutoFDO profile: using XLA-AutoFDO profile version -1
DEBUG:jax._src.compiler:Persistent compilation cache hit for 'jit_add'
DEBUG:jax._src.compiler:get_compile_options: num_replicas=1 num_partitions=1 device_assignment=[[cuda(id=0)]]
DEBUG:jax._src.compiler:get_compile_options XLA-AutoFDO profile: using XLA-AutoFDO profile version -1
DEBUG:jax._src.compiler:Persistent compilation cache hit for 'jit_subtract'
WARNING:jax._src.pjit:TRACING CACHE MISS at /home/antonio/dev/qdots_efficient/qdots_qll/utils/utils.py:5:12 (ensure_array) because:
  never seen function:
    convert_element_type id=131377246385664 defined at /home/antonio/miniconda3/envs/jax_qdots/lib/python3.12/site-packages/jax/_src/dispatch.py:93
DEBUG:jax._src.compiler:get_compile_options: num_replicas=1 num_partitions=1 device_assignment=[[cuda(id=0)]]
DEBUG:jax._src.compiler:get_compile_options XLA-AutoFDO profile: using XLA-AutoFDO profile version -1
DEBUG:jax._src.compiler:Persistent compilation cache hit for 'jit_convert_element_type'
WARNING:jax._src.pjit:TRACING CACHE MISS at /home/antonio/dev/qdots_efficient/qdots_qll/utils/utils.py:7:15 (ensure_array) because:
  for convert_element_type defined at /home/antonio/miniconda3/envs/jax_qdots/lib/python3.12/site-packages/jax/_src/dispatch.py:93
  never seen input type signature:
    args[0]: i32[]
  closest seen input type signature has 1 mismatches, including:
    * at args[0], seen i32[2,2], but now given i32[]
DEBUG:jax._src.compiler:get_compile_options: num_replicas=1 num_partitions=1 device_assignment=[[cuda(id=0)]]
DEBUG:jax._src.compiler:get_compile_options XLA-AutoFDO profile: using XLA-AutoFDO profile version -1
DEBUG:jax._src.compiler:Persistent compilation cache hit for 'jit_convert_element_type'
WARNING:jax._src.pjit:TRACING CACHE MISS at /home/antonio/dev/qdots_efficient/qdots_qll/models/single_dot_weak_coupling_GAME.py:130:20 (ExperimentSingleDotWeakCouplingGAME.__init__) because:
  for convert_element_type defined at /home/antonio/miniconda3/envs/jax_qdots/lib/python3.12/site-packages/jax/_src/dispatch.py:93
  never seen input type signature:
    args[0]: i32[1]
  closest seen input type signature has 1 mismatches, including:
    * at args[0], seen f32[4], but now given i32[1]
DEBUG:jax._src.compiler:get_compile_options: num_replicas=1 num_partitions=1 device_assignment=[[cuda(id=0)]]
DEBUG:jax._src.compiler:get_compile_options XLA-AutoFDO profile: using XLA-AutoFDO profile version -1
DEBUG:jax._src.compiler:Persistent compilation cache hit for 'jit_convert_element_type'
WARNING:jax._src.dispatch:Finished tracing + transforming subtract for pjit in 0.000621795654296875 sec
WARNING:jax._src.dispatch:Finished tracing + transforming multiply for pjit in 0.0008401870727539062 sec
WARNING:jax._src.dispatch:Finished tracing + transforming add for pjit in 0.0005781650543212891 sec
WARNING:jax._src.dispatch:Finished tracing + transforming _uniform for pjit in 0.00579833984375 sec
WARNING:jax._src.pjit:TRACING CACHE MISS at /home/antonio/dev/qdots_efficient/qdots_qll/exp_design.py:363:15 (RandExpDesignGAME.generate_experiment) because:
  for _uniform defined at /home/antonio/miniconda3/envs/jax_qdots/lib/python3.12/site-packages/jax/_src/random.py:400
  never seen input type signature:
    key: key<fry>[],  minval: f32[],  maxval: f32[]
  closest seen input type signature has 2 mismatches, including:
    * at minval, seen f32[4], but now given f32[]
    * at maxval, seen f32[4], but now given f32[]
WARNING:jax._src.dispatch:Finished tracing + transforming maximum for pjit in 0.0005810260772705078 sec
WARNING:jax._src.dispatch:Finished tracing + transforming minimum for pjit in 0.0006613731384277344 sec
WARNING:jax._src.dispatch:Finished tracing + transforming clip for pjit in 0.0025739669799804688 sec
WARNING:jax._src.pjit:TRACING CACHE MISS at /home/antonio/dev/qdots_efficient/qdots_qll/exp_design.py:367:31 (RandExpDesignGAME.generate_experiment) because:
  for clip defined at /home/antonio/miniconda3/envs/jax_qdots/lib/python3.12/site-packages/jax/_src/numpy/lax_numpy.py:1550
  never seen input type signature:
    x: i32[],  min: i32[],  max: i32[]
  closest seen input type signature has 3 mismatches, including:
    * at x, seen f32[500,4], but now given i32[]
    * at min, seen f32[4], but now given i32[]
    * at max, seen f32[4], but now given i32[]
WARNING:jax._src.dispatch:Finished tracing + transforming maximum for pjit in 0.0005919933319091797 sec
WARNING:jax._src.dispatch:Finished tracing + transforming minimum for pjit in 0.0005924701690673828 sec
WARNING:jax._src.dispatch:Finished tracing + transforming clip for pjit in 0.002516031265258789 sec
WARNING:jax._src.pjit:TRACING CACHE MISS at /home/antonio/dev/qdots_efficient/qdots_qll/exp_design.py:367:31 (RandExpDesignGAME.generate_experiment) because:
  for clip defined at /home/antonio/miniconda3/envs/jax_qdots/lib/python3.12/site-packages/jax/_src/numpy/lax_numpy.py:1550
  never seen input type signature:
    x: i32[],  min: i32[],  max: i32[]
  closest seen input type signature has 3 mismatches, including:
    * at x, seen f32[500,4], but now given i32[]
    * at min, seen f32[4], but now given i32[]
    * at max, seen f32[4], but now given i32[]
WARNING:jax._src.dispatch:Finished tracing + transforming subtract for pjit in 0.0005915164947509766 sec
WARNING:jax._src.dispatch:Finished tracing + transforming less_equal for pjit in 0.0008721351623535156 sec
WARNING:jax._src.dispatch:Finished tracing + transforming greater for pjit in 0.0006284713745117188 sec
WARNING:jax._src.dispatch:Finished tracing + transforming bitwise_and for pjit in 0.0006344318389892578 sec
WARNING:jax._src.dispatch:Finished tracing + transforming _randint for pjit in 0.017645597457885742 sec
WARNING:jax._src.pjit:TRACING CACHE MISS at /home/antonio/dev/qdots_efficient/qdots_qll/exp_design.py:367:31 (RandExpDesignGAME.generate_experiment) because:
  never seen function:
    _randint id=131379990360160 defined at /home/antonio/miniconda3/envs/jax_qdots/lib/python3.12/site-packages/jax/_src/random.py:465
WARNING:jax._src.dispatch:Finished tracing + transforming less for pjit in 0.0006308555603027344 sec
WARNING:jax._src.dispatch:Finished tracing + transforming add for pjit in 0.0006887912750244141 sec
WARNING:jax._src.dispatch:Finished tracing + transforming _broadcast_arrays for pjit in 0.0003490447998046875 sec
WARNING:jax._src.dispatch:Finished tracing + transforming _where for pjit in 0.0013077259063720703 sec
WARNING:jax._src.pjit:TRACING CACHE MISS at /home/antonio/dev/qdots_efficient/qdots_qll/exp_design.py:367:31 (RandExpDesignGAME.generate_experiment) because:
  never seen function:
    _where id=131379997787296 defined at /home/antonio/miniconda3/envs/jax_qdots/lib/python3.12/site-packages/jax/_src/numpy/util.py:441
  but seen another function defined on the same line; maybe the function is
  being re-defined repeatedly, preventing caching?
WARNING:jax._src.dispatch:Finished tracing + transforming _take for pjit in 0.005606651306152344 sec
WARNING:jax._src.pjit:TRACING CACHE MISS at /home/antonio/dev/qdots_efficient/qdots_qll/exp_design.py:367:31 (RandExpDesignGAME.generate_experiment) because:
  never seen function:
    _take id=131379996000800 defined at /home/antonio/miniconda3/envs/jax_qdots/lib/python3.12/site-packages/jax/_src/numpy/lax_numpy.py:5310
  but seen another function defined on the same line; maybe the function is
  being re-defined repeatedly, preventing caching?
WARNING:jax._src.dispatch:Finished tracing + transforming _take for pjit in 0.0036284923553466797 sec
WARNING:jax._src.pjit:TRACING CACHE MISS at /home/antonio/dev/qdots_efficient/qdots_qll/exp_design.py:372:35 (RandExpDesignGAME.generate_experiment) because:
  for _take defined at /home/antonio/miniconda3/envs/jax_qdots/lib/python3.12/site-packages/jax/_src/numpy/lax_numpy.py:5310
  never seen input type signature:
    a: i32[3],  indices: i32[]
  closest seen input type signature has 1 mismatches, including:
    * at a, seen i32[4], but now given i32[3]
WARNING:jax._src.dispatch:Finished tracing + transforming _squeeze for pjit in 0.00038552284240722656 sec
WARNING:jax._src.dispatch:Finished tracing + transforming _squeeze for pjit in 0.0003612041473388672 sec
WARNING:jax._src.dispatch:Finished tracing + transforming negative for pjit in 0.00037097930908203125 sec
WARNING:jax._src.dispatch:Finished tracing + transforming multiply for pjit in 0.0006229877471923828 sec
WARNING:jax._src.dispatch:Finished tracing + transforming multiply for pjit in 0.0007770061492919922 sec
WARNING:jax._src.dispatch:Finished tracing + transforming add for pjit in 0.0007307529449462891 sec
WARNING:jax._src.dispatch:Finished tracing + transforming multiply for pjit in 0.0009508132934570312 sec
WARNING:jax._src.dispatch:Finished tracing + transforming add for pjit in 0.0009157657623291016 sec
WARNING:jax._src.dispatch:Finished tracing + transforming real for pjit in 0.0003864765167236328 sec
WARNING:jax._src.dispatch:Finished tracing + transforming sqrt for pjit in 0.0004563331604003906 sec
WARNING:jax._src.dispatch:Finished tracing + transforming multiply for pjit in 0.0006833076477050781 sec
WARNING:jax._src.dispatch:Finished tracing + transforming conjugate for pjit in 0.00038814544677734375 sec
WARNING:jax._src.dispatch:Finished tracing + transforming matmul for pjit in 0.001085519790649414 sec
WARNING:jax._src.dispatch:Finished tracing + transforming matmul for pjit in 0.0009725093841552734 sec
WARNING:jax._src.dispatch:Finished tracing + transforming subtract for pjit in 0.0005645751953125 sec
WARNING:jax._src.dispatch:Finished tracing + transforming multiply for pjit in 0.0007271766662597656 sec
WARNING:jax._src.dispatch:Finished tracing + transforming add for pjit in 0.0011239051818847656 sec
WARNING:jax._src.dispatch:Finished tracing + transforming kron for pjit in 0.0014472007751464844 sec
WARNING:jax._src.pjit:TRACING CACHE MISS at /home/antonio/dev/qdots_efficient/qdots_qll/models/models_scratch_for_drafting.py:49:15 (BaseClassDimension.sprepost) because:
  never seen function:
    kron id=131379995883808 defined at /home/antonio/miniconda3/envs/jax_qdots/lib/python3.12/site-packages/jax/_src/numpy/lax_numpy.py:4792
WARNING:jax._src.dispatch:Finished tracing + transforming sprepost for pjit in 0.002796173095703125 sec
WARNING:jax._src.pjit:TRACING CACHE MISS at /home/antonio/dev/qdots_efficient/qdots_qll/models/models_scratch_for_drafting.py:54:15 (BaseClassDimension.spre) because:
  never seen function:
    BaseClassDimension.sprepost id=131379364877056 defined at /home/antonio/dev/qdots_efficient/qdots_qll/models/models_scratch_for_drafting.py:45
WARNING:jax._src.dispatch:Finished tracing + transforming spre for pjit in 0.005464315414428711 sec
WARNING:jax._src.pjit:TRACING CACHE MISS at /home/antonio/dev/qdots_efficient/qdots_qll/models/single_dot_weak_coupling_GAME.py:234:19 (SingleDotWeakCouplingGAME.make_bloch_matrix) because:
  never seen function:
    BaseClassDimension.spre id=131379364878176 defined at /home/antonio/dev/qdots_efficient/qdots_qll/models/models_scratch_for_drafting.py:51
WARNING:jax._src.dispatch:Finished tracing + transforming kron for pjit in 0.0014786720275878906 sec
WARNING:jax._src.pjit:TRACING CACHE MISS at /home/antonio/dev/qdots_efficient/qdots_qll/models/models_scratch_for_drafting.py:49:15 (BaseClassDimension.sprepost) because:
  for kron defined at /home/antonio/miniconda3/envs/jax_qdots/lib/python3.12/site-packages/jax/_src/numpy/lax_numpy.py:4792
  never seen input type signature:
    a: f32[2,2],  b: c64[2,2]
  closest seen input type signature has 2 mismatches, including:
    * at a, seen c64[2,2], but now given f32[2,2]
    * at b, seen f32[2,2], but now given c64[2,2]
WARNING:jax._src.dispatch:Finished tracing + transforming sprepost for pjit in 0.0028963088989257812 sec
WARNING:jax._src.pjit:TRACING CACHE MISS at /home/antonio/dev/qdots_efficient/qdots_qll/models/models_scratch_for_drafting.py:60:15 (BaseClassDimension.spost) because:
  for BaseClassDimension.sprepost defined at /home/antonio/dev/qdots_efficient/qdots_qll/models/models_scratch_for_drafting.py:45
  never seen input type signature
  closest seen input type signature has 2 mismatches, including:
    * at A, seen c64[2,2], but now given f32[2,2]
    * at B, seen f32[2,2], but now given c64[2,2]
WARNING:jax._src.dispatch:Finished tracing + transforming spost for pjit in 0.0052337646484375 sec
WARNING:jax._src.pjit:TRACING CACHE MISS at /home/antonio/dev/qdots_efficient/qdots_qll/models/single_dot_weak_coupling_GAME.py:234:39 (SingleDotWeakCouplingGAME.make_bloch_matrix) because:
  never seen function:
    BaseClassDimension.spost id=131379364879296 defined at /home/antonio/dev/qdots_efficient/qdots_qll/models/models_scratch_for_drafting.py:56
WARNING:jax._src.dispatch:Finished tracing + transforming subtract for pjit in 0.000583648681640625 sec
WARNING:jax._src.dispatch:Finished tracing + transforming multiply for pjit in 0.0008571147918701172 sec
WARNING:jax._src.dispatch:Finished tracing + transforming kron for pjit in 0.0010967254638671875 sec
WARNING:jax._src.pjit:TRACING CACHE MISS at /home/antonio/dev/qdots_efficient/qdots_qll/models/models_scratch_for_drafting.py:49:15 (BaseClassDimension.sprepost) because:
  for kron defined at /home/antonio/miniconda3/envs/jax_qdots/lib/python3.12/site-packages/jax/_src/numpy/lax_numpy.py:4792
  never seen input type signature:
    a: c64[2,2],  b: c64[2,2]
  closest seen input type signature has 1 mismatches, including:
    * at b, seen f32[2,2], but now given c64[2,2]
WARNING:jax._src.dispatch:Finished tracing + transforming sprepost for pjit in 0.0025420188903808594 sec
WARNING:jax._src.pjit:TRACING CACHE MISS at /home/antonio/dev/qdots_efficient/qdots_qll/models/single_dot_weak_coupling_GAME.py:235:14 (SingleDotWeakCouplingGAME.make_bloch_matrix) because:
  for BaseClassDimension.sprepost defined at /home/antonio/dev/qdots_efficient/qdots_qll/models/models_scratch_for_drafting.py:45
  never seen input type signature
  closest seen input type signature has 1 mismatches, including:
    * at B, seen f32[2,2], but now given c64[2,2]
WARNING:jax._src.dispatch:Finished tracing + transforming add for pjit in 0.0005600452423095703 sec
WARNING:jax._src.dispatch:Finished tracing + transforming matmul for pjit in 0.0009875297546386719 sec
WARNING:jax._src.dispatch:Finished tracing + transforming multiply for pjit in 0.0007073879241943359 sec
WARNING:jax._src.dispatch:Finished tracing + transforming conjugate for pjit in 0.0004069805145263672 sec
WARNING:jax._src.dispatch:Finished tracing + transforming _einsum for pjit in 0.0017311573028564453 sec
WARNING:jax._src.dispatch:Finished tracing + transforming matmul for pjit in 0.0016002655029296875 sec
WARNING:jax._src.dispatch:Finished tracing + transforming multiply for pjit in 0.0006518363952636719 sec
WARNING:jax._src.dispatch:Finished tracing + transforming absolute for pjit in 0.0003905296325683594 sec
WARNING:jax._src.dispatch:Finished tracing + transforming _reduce_sum for pjit in 0.0007159709930419922 sec
WARNING:jax._src.dispatch:Finished tracing + transforming _reduce_max for pjit in 0.0006947517395019531 sec
WARNING:jax._src.dispatch:Finished tracing + transforming norm for pjit in 0.0038688182830810547 sec
WARNING:jax._src.pjit:TRACING CACHE MISS at /home/antonio/dev/qdots_efficient/qdots_qll/models/single_dot_weak_coupling_GAME.py:275:16 (SingleDotWeakCouplingGAME.likelihood_particle) because:
  never seen function:
    norm id=131379991219392 defined at /home/antonio/miniconda3/envs/jax_qdots/lib/python3.12/site-packages/jax/_src/numpy/linalg.py:1020
WARNING:jax._src.dispatch:Finished tracing + transforming true_divide for pjit in 0.0007326602935791016 sec
WARNING:jax._src.dispatch:Finished tracing + transforming log2 for pjit in 0.0007584095001220703 sec
WARNING:jax._src.dispatch:Finished tracing + transforming floor for pjit in 0.00041866302490234375 sec
WARNING:jax._src.dispatch:Finished tracing + transforming maximum for pjit in 0.0007119178771972656 sec
WARNING:jax._src.dispatch:Finished tracing + transforming _power for pjit in 0.0009610652923583984 sec
WARNING:jax._src.dispatch:Finished tracing + transforming true_divide for pjit in 0.0005996227264404297 sec
WARNING:jax._src.dispatch:Finished tracing + transforming greater_equal for pjit in 0.0005450248718261719 sec
WARNING:jax._src.dispatch:Finished tracing + transforming _squeeze for pjit in 0.0002713203430175781 sec
WARNING:jax._src.dispatch:Finished tracing + transforming add for pjit in 0.0006258487701416016 sec
WARNING:jax._src.dispatch:Finished tracing + transforming not_equal for pjit in 0.0005338191986083984 sec
WARNING:jax._src.dispatch:Finished tracing + transforming not_equal for pjit in 0.0006127357482910156 sec
WARNING:jax._src.dispatch:Finished tracing + transforming op for pjit in 0.0005497932434082031 sec
WARNING:jax._src.dispatch:Finished tracing + transforming subtract for pjit in 0.0006418228149414062 sec
WARNING:jax._src.dispatch:Finished tracing + transforming floor_divide for pjit in 0.005583286285400391 sec
WARNING:jax._src.pjit:TRACING CACHE MISS at /home/antonio/dev/qdots_efficient/qdots_qll/models/single_dot_weak_coupling_GAME.py:275:16 (SingleDotWeakCouplingGAME.likelihood_particle) because:
  never seen function:
    floor_divide id=131379998151104 defined at /home/antonio/miniconda3/envs/jax_qdots/lib/python3.12/site-packages/jax/_src/numpy/ufuncs.py:283
  but seen another function defined on the same line; maybe the function is
  being re-defined repeatedly, preventing caching?
WARNING:jax._src.dispatch:Finished tracing + transforming searchsorted for pjit in 0.01636219024658203 sec
WARNING:jax._src.pjit:TRACING CACHE MISS at /home/antonio/dev/qdots_efficient/qdots_qll/models/single_dot_weak_coupling_GAME.py:275:16 (SingleDotWeakCouplingGAME.likelihood_particle) because:
  never seen function:
    searchsorted id=131379996068896 defined at /home/antonio/miniconda3/envs/jax_qdots/lib/python3.12/site-packages/jax/_src/numpy/lax_numpy.py:6493
  but seen another function defined on the same line; maybe the function is
  being re-defined repeatedly, preventing caching?
WARNING:jax._src.dispatch:Finished tracing + transforming subtract for pjit in 0.0006289482116699219 sec
WARNING:jax._src.dispatch:Finished tracing + transforming digitize for pjit in 0.023845195770263672 sec
WARNING:jax._src.pjit:TRACING CACHE MISS at /home/antonio/dev/qdots_efficient/qdots_qll/models/single_dot_weak_coupling_GAME.py:275:16 (SingleDotWeakCouplingGAME.likelihood_particle) because:
  never seen function:
    digitize id=131379996070176 defined at /home/antonio/miniconda3/envs/jax_qdots/lib/python3.12/site-packages/jax/_src/numpy/lax_numpy.py:6529
  but seen another function defined on the same line; maybe the function is
  being re-defined repeatedly, preventing caching?
WARNING:jax._src.dispatch:Finished tracing + transforming dot for pjit in 0.0009081363677978516 sec
WARNING:jax._src.dispatch:Finished tracing + transforming negative for pjit in 0.0004591941833496094 sec
WARNING:jax._src.dispatch:Finished tracing + transforming _calc_P_Q for pjit in 0.06242942810058594 sec
WARNING:jax._src.pjit:TRACING CACHE MISS at /home/antonio/dev/qdots_efficient/qdots_qll/models/single_dot_weak_coupling_GAME.py:275:16 (SingleDotWeakCouplingGAME.likelihood_particle) because:
  never seen function:
    _calc_P_Q id=131379400027936 defined at /home/antonio/miniconda3/envs/jax_qdots/lib/python3.12/site-packages/jax/_src/scipy/linalg.py:1166
  but seen another function defined on the same line; maybe the function is
  being re-defined repeatedly, preventing caching?
WARNING:jax._src.dispatch:Finished tracing + transforming greater for pjit in 0.0011763572692871094 sec
WARNING:jax._src.dispatch:Finished tracing + transforming _squeeze for pjit in 0.00027871131896972656 sec
WARNING:jax._src.dispatch:Finished tracing + transforming _squeeze for pjit in 0.0003955364227294922 sec
WARNING:jax._src.dispatch:Finished tracing + transforming _squeeze for pjit in 0.0002598762512207031 sec
WARNING:jax._src.dispatch:Finished tracing + transforming _squeeze for pjit in 0.00025773048400878906 sec
WARNING:jax._src.dispatch:Finished tracing + transforming less for pjit in 0.0007996559143066406 sec
WARNING:jax._src.dispatch:Finished tracing + transforming _broadcast_arrays for pjit in 0.00038909912109375 sec
WARNING:jax._src.dispatch:Finished tracing + transforming _lu_solve for pjit in 0.008408784866333008 sec
WARNING:jax._src.pjit:TRACING CACHE MISS at /home/antonio/dev/qdots_efficient/qdots_qll/models/single_dot_weak_coupling_GAME.py:275:16 (SingleDotWeakCouplingGAME.likelihood_particle) because:
  never seen function:
    _lu_solve id=131379991810336 defined at /home/antonio/miniconda3/envs/jax_qdots/lib/python3.12/site-packages/jax/_src/lax/linalg.py:1384
  but seen another function defined on the same line; maybe the function is
  being re-defined repeatedly, preventing caching?
WARNING:jax._src.dispatch:Finished tracing + transforming argsort for pjit in 0.0006625652313232422 sec
WARNING:jax._src.pjit:TRACING CACHE MISS at /home/antonio/dev/qdots_efficient/qdots_qll/models/single_dot_weak_coupling_GAME.py:275:16 (SingleDotWeakCouplingGAME.likelihood_particle) because:
  never seen function:
    argsort id=131379995961888 defined at /home/antonio/miniconda3/envs/jax_qdots/lib/python3.12/site-packages/jax/_src/numpy/lax_numpy.py:5051
  but seen another function defined on the same line; maybe the function is
  being re-defined repeatedly, preventing caching?
WARNING:jax._src.dispatch:Finished tracing + transforming _lu_solve for pjit in 0.005872249603271484 sec
WARNING:jax._src.pjit:TRACING CACHE MISS at /home/antonio/dev/qdots_efficient/qdots_qll/models/single_dot_weak_coupling_GAME.py:275:16 (SingleDotWeakCouplingGAME.likelihood_particle) because:
  for _lu_solve defined at /home/antonio/miniconda3/envs/jax_qdots/lib/python3.12/site-packages/jax/_src/lax/linalg.py:1384
explanation unavailable! please open an issue at https://github.com/google/jax
WARNING:jax._src.dispatch:Finished tracing + transforming solve for pjit in 0.03971982002258301 sec
WARNING:jax._src.pjit:TRACING CACHE MISS at /home/antonio/dev/qdots_efficient/qdots_qll/models/single_dot_weak_coupling_GAME.py:275:16 (SingleDotWeakCouplingGAME.likelihood_particle) because:
  never seen function:
    solve id=131379991222592 defined at /home/antonio/miniconda3/envs/jax_qdots/lib/python3.12/site-packages/jax/_src/numpy/linalg.py:1268
  but seen another function defined on the same line; maybe the function is
  being re-defined repeatedly, preventing caching?
WARNING:jax._src.dispatch:Finished tracing + transforming less for pjit in 0.000537872314453125 sec
WARNING:jax._src.dispatch:Finished tracing + transforming _squaring for pjit in 0.0036945343017578125 sec
WARNING:jax._src.pjit:TRACING CACHE MISS at /home/antonio/dev/qdots_efficient/qdots_qll/models/single_dot_weak_coupling_GAME.py:275:16 (SingleDotWeakCouplingGAME.likelihood_particle) because:
  never seen function:
    _squaring id=131379400029536 defined at /home/antonio/miniconda3/envs/jax_qdots/lib/python3.12/site-packages/jax/_src/scipy/linalg.py:1206
  but seen another function defined on the same line; maybe the function is
  being re-defined repeatedly, preventing caching?
WARNING:jax._src.dispatch:Finished tracing + transforming expm for pjit in 0.11229705810546875 sec
WARNING:jax._src.pjit:TRACING CACHE MISS at /home/antonio/dev/qdots_efficient/qdots_qll/models/single_dot_weak_coupling_GAME.py:275:16 (SingleDotWeakCouplingGAME.likelihood_particle) because:
  never seen function:
    expm id=131379400026656 defined at /home/antonio/miniconda3/envs/jax_qdots/lib/python3.12/site-packages/jax/_src/scipy/linalg.py:1117
  but seen another function defined on the same line; maybe the function is
  being re-defined repeatedly, preventing caching?
WARNING:jax._src.dispatch:Finished tracing + transforming matmul for pjit in 0.0015816688537597656 sec
WARNING:jax._src.dispatch:Finished tracing + transforming _einsum for pjit in 0.0009362697601318359 sec
WARNING:jax._src.dispatch:Finished tracing + transforming real for pjit in 0.000354766845703125 sec
WARNING:jax._src.dispatch:Finished tracing + transforming greater_equal for pjit in 0.0006191730499267578 sec
WARNING:jax._src.dispatch:Finished tracing + transforming less_equal for pjit in 0.0007410049438476562 sec
WARNING:jax._src.dispatch:Finished tracing + transforming op for pjit in 0.0007202625274658203 sec
WARNING:jax._src.dispatch:Finished tracing + transforming absolute for pjit in 0.0003561973571777344 sec
WARNING:jax._src.dispatch:Finished tracing + transforming multiply for pjit in 0.0006597042083740234 sec
WARNING:jax._src.dispatch:Finished tracing + transforming _broadcast_arrays for pjit in 0.0003199577331542969 sec
WARNING:jax._src.dispatch:Finished tracing + transforming _where for pjit in 0.0012378692626953125 sec
WARNING:jax._src.pjit:TRACING CACHE MISS at /home/antonio/dev/qdots_efficient/qdots_qll/models/single_dot_weak_coupling_GAME.py:38:40 (<lambda>) because:
  for _where defined at /home/antonio/miniconda3/envs/jax_qdots/lib/python3.12/site-packages/jax/_src/numpy/util.py:441
  never seen input type signature:
    condition: bool[4,3,2],  x: f32[4,3,2],  y: f32[4,3,2]
  closest seen input type signature has 3 mismatches, including:
    * at condition, seen bool[], but now given bool[4,3,2]
    * at x, seen i32[], but now given f32[4,3,2]
    * at y, seen i32[], but now given f32[4,3,2]
WARNING:jax._src.dispatch:Finished tracing + transforming isnan for pjit in 0.00036787986755371094 sec
WARNING:jax._src.dispatch:Finished tracing + transforming invert for pjit in 0.0003590583801269531 sec
WARNING:jax._src.dispatch:Finished tracing + transforming _cumulative_reduction for pjit in 0.0005702972412109375 sec
WARNING:jax._src.pjit:TRACING CACHE MISS at /home/antonio/dev/qdots_efficient/qdots_qll/models/single_dot_weak_coupling_GAME.py:379:15 (SingleDotWeakCouplingGAME.measure_one_experiment) because:
  never seen function:
    _make_cumulative_reduction.<locals>._cumulative_reduction id=131379995482432 defined at /home/antonio/miniconda3/envs/jax_qdots/lib/python3.12/site-packages/jax/_src/numpy/reductions.py:679
WARNING:jax._src.dispatch:Finished tracing + transforming subtract for pjit in 0.000644683837890625 sec
WARNING:jax._src.dispatch:Finished tracing + transforming searchsorted for pjit in 0.007299900054931641 sec
WARNING:jax._src.pjit:TRACING CACHE MISS at /home/antonio/dev/qdots_efficient/qdots_qll/models/single_dot_weak_coupling_GAME.py:379:15 (SingleDotWeakCouplingGAME.measure_one_experiment) because:
  for searchsorted defined at /home/antonio/miniconda3/envs/jax_qdots/lib/python3.12/site-packages/jax/_src/numpy/lax_numpy.py:6493
explanation unavailable! please open an issue at https://github.com/google/jax
WARNING:jax._src.dispatch:Finished tracing + transforming _take for pjit in 0.00312042236328125 sec
WARNING:jax._src.pjit:TRACING CACHE MISS at /home/antonio/dev/qdots_efficient/qdots_qll/models/single_dot_weak_coupling_GAME.py:379:15 (SingleDotWeakCouplingGAME.measure_one_experiment) because:
  for _take defined at /home/antonio/miniconda3/envs/jax_qdots/lib/python3.12/site-packages/jax/_src/numpy/lax_numpy.py:5310
  never seen input type signature:
    a: i32[2],  indices: i32[]
  closest seen input type signature has 1 mismatches, including:
    * at a, seen i32[4], but now given i32[2]
WARNING:jax._src.dispatch:Finished tracing + transforming ravel for pjit in 0.0002980232238769531 sec
WARNING:jax._src.dispatch:Finished tracing + transforming append for pjit in 0.0013909339904785156 sec
WARNING:jax._src.pjit:TRACING CACHE MISS at /home/antonio/dev/qdots_efficient/qdots_qll/models/single_dot_weak_coupling_GAME.py:159:23 (ExperimentSingleDotWeakCouplingGAME.append.<locals>.append_if_array) because:
  never seen function:
    append id=131379995872288 defined at /home/antonio/miniconda3/envs/jax_qdots/lib/python3.12/site-packages/jax/_src/numpy/lax_numpy.py:3612
WARNING:jax._src.dispatch:Finished tracing + transforming ravel for pjit in 0.00031375885009765625 sec
WARNING:jax._src.dispatch:Finished tracing + transforming append for pjit in 0.0014095306396484375 sec
WARNING:jax._src.pjit:TRACING CACHE MISS at /home/antonio/dev/qdots_efficient/qdots_qll/models/single_dot_weak_coupling_GAME.py:159:23 (ExperimentSingleDotWeakCouplingGAME.append.<locals>.append_if_array) because:
  for append defined at /home/antonio/miniconda3/envs/jax_qdots/lib/python3.12/site-packages/jax/_src/numpy/lax_numpy.py:3612
  never seen input type signature:
    arr: i32[1],  values: i32[1]
  closest seen input type signature has 2 mismatches, including:
    * at arr, seen f32[1], but now given i32[1]
    * at values, seen f32[1], but now given i32[1]
WARNING:jax._src.dispatch:Finished tracing + transforming less for pjit in 0.0007226467132568359 sec
WARNING:jax._src.dispatch:Finished tracing + transforming _broadcast_arrays for pjit in 0.00025844573974609375 sec
WARNING:jax._src.dispatch:Finished tracing + transforming log for pjit in 0.0003871917724609375 sec
WARNING:jax._src.dispatch:Finished tracing + transforming _squeeze for pjit in 0.00037860870361328125 sec
WARNING:jax._src.dispatch:Finished tracing + transforming _squeeze for pjit in 0.0002770423889160156 sec
WARNING:jax._src.dispatch:Finished tracing + transforming add for pjit in 0.0005202293395996094 sec
WARNING:jax._src.dispatch:Finished tracing + transforming multiply for pjit in 0.0006608963012695312 sec
WARNING:jax._src.dispatch:Finished tracing + transforming exp for pjit in 0.00041174888610839844 sec
WARNING:jax._src.dispatch:Finished tracing + transforming _reduce_sum for pjit in 0.0007617473602294922 sec
WARNING:jax._src.dispatch:Finished tracing + transforming true_divide for pjit in 0.0007078647613525391 sec
WARNING:jax._src.dispatch:Finished tracing + transforming less_equal for pjit in 0.0005962848663330078 sec
WARNING:jax._src.dispatch:Finished tracing + transforming true_divide for pjit in 0.0006315708160400391 sec
WARNING:jax._src.dispatch:Finished tracing + transforming _cumulative_reduction for pjit in 0.00044226646423339844 sec
WARNING:jax._src.pjit:TRACING CACHE MISS at /home/antonio/dev/qdots_efficient/qdots_qll/resamplers.py:242:19 (MetropolisSampler.multinomial_importance_sampling) because:
  for _make_cumulative_reduction.<locals>._cumulative_reduction defined at /home/antonio/miniconda3/envs/jax_qdots/lib/python3.12/site-packages/jax/_src/numpy/reductions.py:679
  never seen input type signature:
    a: f32[500]
  closest seen input type signature has 1 mismatches, including:
    * at a, seen f32[2], but now given f32[500]
WARNING:jax._src.dispatch:Finished tracing + transforming subtract for pjit in 0.0005421638488769531 sec
WARNING:jax._src.dispatch:Finished tracing + transforming multiply for pjit in 0.0006470680236816406 sec
WARNING:jax._src.dispatch:Finished tracing + transforming add for pjit in 0.0005342960357666016 sec
WARNING:jax._src.dispatch:Finished tracing + transforming _uniform for pjit in 0.005634307861328125 sec
WARNING:jax._src.pjit:TRACING CACHE MISS at /home/antonio/dev/qdots_efficient/qdots_qll/resamplers.py:242:19 (MetropolisSampler.multinomial_importance_sampling) because:
  for _uniform defined at /home/antonio/miniconda3/envs/jax_qdots/lib/python3.12/site-packages/jax/_src/random.py:400
explanation unavailable! please open an issue at https://github.com/google/jax
WARNING:jax._src.dispatch:Finished tracing + transforming subtract for pjit in 0.0006356239318847656 sec
WARNING:jax._src.dispatch:Finished tracing + transforming multiply for pjit in 0.0005095005035400391 sec
WARNING:jax._src.dispatch:Finished tracing + transforming _squeeze for pjit in 0.0002529621124267578 sec
WARNING:jax._src.dispatch:Finished tracing + transforming searchsorted for pjit in 0.01868271827697754 sec
WARNING:jax._src.pjit:TRACING CACHE MISS at /home/antonio/dev/qdots_efficient/qdots_qll/resamplers.py:242:19 (MetropolisSampler.multinomial_importance_sampling) because:
  for searchsorted defined at /home/antonio/miniconda3/envs/jax_qdots/lib/python3.12/site-packages/jax/_src/numpy/lax_numpy.py:6493
  never seen input type signature:
    a: f32[500],  v: f32[500]
  closest seen input type signature has 2 mismatches, including:
    * at a, seen f32[2], but now given f32[500]
    * at v, seen f32[], but now given f32[500]
WARNING:jax._src.dispatch:Finished tracing + transforming less for pjit in 0.0006163120269775391 sec
WARNING:jax._src.dispatch:Finished tracing + transforming add for pjit in 0.0005977153778076172 sec
WARNING:jax._src.dispatch:Finished tracing + transforming _broadcast_arrays for pjit in 0.00031876564025878906 sec
WARNING:jax._src.dispatch:Finished tracing + transforming _where for pjit in 0.0012333393096923828 sec
WARNING:jax._src.pjit:TRACING CACHE MISS at /home/antonio/dev/qdots_efficient/qdots_qll/resamplers.py:242:19 (MetropolisSampler.multinomial_importance_sampling) because:
  for _where defined at /home/antonio/miniconda3/envs/jax_qdots/lib/python3.12/site-packages/jax/_src/numpy/util.py:441
  never seen input type signature:
    condition: bool[500],  x: i32[500],  y: i32[500]
  closest seen input type signature has 3 mismatches, including:
    * at condition, seen bool[], but now given bool[500]
    * at x, seen i32[], but now given i32[500]
    * at y, seen i32[], but now given i32[500]
WARNING:jax._src.dispatch:Finished tracing + transforming _take for pjit in 0.006405353546142578 sec
WARNING:jax._src.pjit:TRACING CACHE MISS at /home/antonio/dev/qdots_efficient/qdots_qll/resamplers.py:242:19 (MetropolisSampler.multinomial_importance_sampling) because:
  for _take defined at /home/antonio/miniconda3/envs/jax_qdots/lib/python3.12/site-packages/jax/_src/numpy/lax_numpy.py:5310
  never seen input type signature:
    a: f32[500,4],  indices: i32[500]
  closest seen input type signature has 2 mismatches, including:
    * at a, seen i32[4], but now given f32[500,4]
    * at indices, seen i32[], but now given i32[500]
WARNING:jax._src.dispatch:Finished tracing + transforming _einsum for pjit in 0.0018303394317626953 sec
WARNING:jax._src.dispatch:Finished tracing + transforming _einsum for pjit in 0.0025229454040527344 sec
WARNING:jax._src.dispatch:Finished tracing + transforming subtract for pjit in 0.0005257129669189453 sec
WARNING:jax._src.dispatch:Finished tracing + transforming _moveaxis for pjit in 0.0002887248992919922 sec
WARNING:jax._src.dispatch:Finished tracing + transforming _broadcast_arrays for pjit in 0.0003638267517089844 sec
WARNING:jax._src.dispatch:Finished tracing + transforming diagonal for pjit in 0.0053141117095947266 sec
WARNING:jax._src.pjit:TRACING CACHE MISS at /home/antonio/dev/qdots_efficient/qdots_qll/resamplers.py:254:14 (MetropolisSampler.generate_proposals) because:
  never seen function:
    diagonal id=131379995869248 defined at /home/antonio/miniconda3/envs/jax_qdots/lib/python3.12/site-packages/jax/_src/numpy/lax_numpy.py:3529
WARNING:jax._src.dispatch:Finished tracing + transforming _diag for pjit in 0.0061571598052978516 sec
WARNING:jax._src.pjit:TRACING CACHE MISS at /home/antonio/dev/qdots_efficient/qdots_qll/resamplers.py:254:14 (MetropolisSampler.generate_proposals) because:
  never seen function:
    _diag id=131379995835136 defined at /home/antonio/miniconda3/envs/jax_qdots/lib/python3.12/site-packages/jax/_src/numpy/lax_numpy.py:3552
  but seen another function defined on the same line; maybe the function is
  being re-defined repeatedly, preventing caching?
WARNING:jax._src.dispatch:Finished tracing + transforming sqrt for pjit in 0.00041294097900390625 sec
WARNING:jax._src.dispatch:Finished tracing + transforming multiply for pjit in 0.000644683837890625 sec
WARNING:jax._src.dispatch:Finished tracing + transforming subtract for pjit in 0.000911712646484375 sec
WARNING:jax._src.dispatch:Finished tracing + transforming true_divide for pjit in 0.0008990764617919922 sec
WARNING:jax._src.dispatch:Finished tracing + transforming true_divide for pjit in 0.0005269050598144531 sec
WARNING:jax._src.dispatch:Finished tracing + transforming subtract for pjit in 0.0006139278411865234 sec
WARNING:jax._src.dispatch:Finished tracing + transforming subtract for pjit in 0.0005300045013427734 sec
WARNING:jax._src.dispatch:Finished tracing + transforming multiply for pjit in 0.0005524158477783203 sec
WARNING:jax._src.dispatch:Finished tracing + transforming add for pjit in 0.0006089210510253906 sec
WARNING:jax._src.dispatch:Finished tracing + transforming _uniform for pjit in 0.005468845367431641 sec
WARNING:jax._src.pjit:TRACING CACHE MISS at /home/antonio/dev/qdots_efficient/qdots_qll/resamplers.py:260:10 (MetropolisSampler.generate_proposals) because:
  for _uniform defined at /home/antonio/miniconda3/envs/jax_qdots/lib/python3.12/site-packages/jax/_src/random.py:400
  never seen input type signature:
    key: key<fry>[],  minval: f32[500,4],  maxval: f32[500,4]
  closest seen input type signature has 2 mismatches, including:
    * at minval, seen f32[4], but now given f32[500,4]
    * at maxval, seen f32[4], but now given f32[500,4]
WARNING:jax._src.dispatch:Finished tracing + transforming multiply for pjit in 0.0009353160858154297 sec
WARNING:jax._src.dispatch:Finished tracing + transforming maximum for pjit in 0.0009043216705322266 sec
WARNING:jax._src.dispatch:Finished tracing + transforming minimum for pjit in 0.0007879734039306641 sec
WARNING:jax._src.dispatch:Finished tracing + transforming clip for pjit in 0.00308990478515625 sec
WARNING:jax._src.pjit:TRACING CACHE MISS at /home/antonio/dev/qdots_efficient/qdots_qll/resamplers.py:260:10 (MetropolisSampler.generate_proposals) because:
  for clip defined at /home/antonio/miniconda3/envs/jax_qdots/lib/python3.12/site-packages/jax/_src/numpy/lax_numpy.py:1550
  never seen input type signature:
    x: f32[1,500,4],  min: f32[500,4],  max: f32[500,4]
  closest seen input type signature has 3 mismatches, including:
    * at x, seen f32[500,4], but now given f32[1,500,4]
    * at min, seen f32[4], but now given f32[500,4]
    * at max, seen f32[4], but now given f32[500,4]
WARNING:jax._src.dispatch:Finished tracing + transforming _truncated_normal for pjit in 0.015243053436279297 sec
WARNING:jax._src.pjit:TRACING CACHE MISS at /home/antonio/dev/qdots_efficient/qdots_qll/resamplers.py:260:10 (MetropolisSampler.generate_proposals) because:
  for _truncated_normal defined at /home/antonio/miniconda3/envs/jax_qdots/lib/python3.12/site-packages/jax/_src/random.py:860
  never seen input type signature:
    key: key<fry>[],  lower: f32[500,4],  upper: f32[500,4]
  closest seen input type signature has 2 mismatches, including:
    * at lower, seen f32[4], but now given f32[500,4]
    * at upper, seen f32[4], but now given f32[500,4]
WARNING:jax._src.dispatch:Finished tracing + transforming multiply for pjit in 0.0009341239929199219 sec
WARNING:jax._src.dispatch:Finished tracing + transforming add for pjit in 0.0008997917175292969 sec
WARNING:jax._src.dispatch:Finished tracing + transforming log for pjit in 0.00041556358337402344 sec
WARNING:jax._src.dispatch:Finished tracing + transforming _squeeze for pjit in 0.0002789497375488281 sec
WARNING:jax._src.dispatch:Finished tracing + transforming _squeeze for pjit in 0.00026535987854003906 sec
WARNING:jax._src.dispatch:Finished tracing + transforming add for pjit in 0.0011496543884277344 sec
WARNING:jax._src.dispatch:Finished tracing + transforming _reduce_max for pjit in 0.0006911754608154297 sec
WARNING:jax._src.dispatch:Finished tracing + transforming subtract for pjit in 0.0005581378936767578 sec
WARNING:jax._src.dispatch:Finished tracing + transforming less for pjit in 0.0005228519439697266 sec
WARNING:jax._src.dispatch:Finished tracing + transforming _broadcast_arrays for pjit in 0.0011196136474609375 sec
WARNING:jax._src.dispatch:Finished tracing + transforming _where for pjit in 0.002140522003173828 sec
WARNING:jax._src.pjit:TRACING CACHE MISS at /home/antonio/dev/qdots_efficient/qdots_qll/resamplers.py:230:24 (MetropolisSampler.resample) because:
  for _where defined at /home/antonio/miniconda3/envs/jax_qdots/lib/python3.12/site-packages/jax/_src/numpy/util.py:441
  never seen input type signature:
    condition: bool[500,1],  x: f32[500,4],  y: f32[500,4]
  closest seen input type signature has 3 mismatches, including:
    * at condition, seen bool[], but now given bool[500,1]
    * at x, seen i32[], but now given f32[500,4]
    * at y, seen i32[], but now given f32[500,4]
WARNING:jax._src.dispatch:Finished tracing + transforming resample for pjit in 0.4774494171142578 sec
WARNING:jax._src.pjit:TRACING CACHE MISS at /home/antonio/dev/qdots_efficient/qdots_qll/smc.py:751:29 (_aux_fun_resample) because:
  never seen function:
    MetropolisSampler.resample id=131379362584576 defined at /home/antonio/dev/qdots_efficient/qdots_qll/resamplers.py:211
WARNING:jax._src.dispatch:Finished tracing + transforming step for pjit in 0.9343602657318115 sec
WARNING:jax._src.pjit:TRACING CACHE MISS at /home/antonio/dev/qdots_efficient/profiling/step_abstraction.py:113:22 (<module>) because:
  never seen function:
    SMCUpdater.step id=131379360678272 defined at /home/antonio/dev/qdots_efficient/qdots_qll/smc.py:684
WARNING:jax._src.interpreters.pxla:Compiling step for with global shapes and types [ShapedArray(float32[], weak_type=True), ShapedArray(float32[4]), ShapedArray(float32[4,4]), ShapedArray(float32[3,2,4]), ShapedArray(float32[2,2], weak_type=True), ShapedArray(float32[2,2], weak_type=True), ShapedArray(float32[2,2], weak_type=True), ShapedArray(complex64[4,4]), ShapedArray(complex64[4,4]), ShapedArray(int32[], weak_type=True), ShapedArray(float32[4,2]), ShapedArray(float32[], weak_type=True), ShapedArray(float32[4,4]), ShapedArray(float32[3,2,4]), ShapedArray(float32[2,2], weak_type=True), ShapedArray(float32[2,2], weak_type=True), ShapedArray(float32[2,2], weak_type=True), ShapedArray(complex64[4,4]), ShapedArray(complex64[4,4]), ShapedArray(float32[1]), ShapedArray(int32[1]), ShapedArray(int32[1]), ShapedArray(int32[1]), ShapedArray(float32[500,4]), ShapedArray(float32[500]), ShapedArray(key<fry>[])]. Argument mapping: [UnspecifiedValue, UnspecifiedValue, UnspecifiedValue, UnspecifiedValue, UnspecifiedValue, UnspecifiedValue, UnspecifiedValue, UnspecifiedValue, UnspecifiedValue, UnspecifiedValue, UnspecifiedValue, UnspecifiedValue, UnspecifiedValue, UnspecifiedValue, UnspecifiedValue, UnspecifiedValue, UnspecifiedValue, UnspecifiedValue, UnspecifiedValue, UnspecifiedValue, UnspecifiedValue, UnspecifiedValue, UnspecifiedValue, UnspecifiedValue, UnspecifiedValue, UnspecifiedValue].
WARNING:jax._src.dispatch:Finished tracing + transforming ravel for pjit in 0.00029754638671875 sec
WARNING:jax._src.dispatch:Finished tracing + transforming threefry_2x32 for pjit in 0.0026421546936035156 sec
WARNING:jax._src.dispatch:Finished tracing + transforming _threefry_random_bits_original for pjit in 0.004642009735107422 sec
WARNING:jax._src.dispatch:Finished tracing + transforming add for pjit in 0.0009529590606689453 sec
WARNING:jax._src.dispatch:Finished tracing + transforming add for pjit in 0.0009808540344238281 sec
WARNING:jax._src.dispatch:Finished tracing + transforming bitwise_or for pjit in 0.0007855892181396484 sec
WARNING:jax._src.dispatch:Finished tracing + transforming bitwise_xor for pjit in 0.000985860824584961 sec
WARNING:jax._src.dispatch:Finished tracing + transforming subtract for pjit in 0.0005478858947753906 sec
WARNING:jax._src.dispatch:Finished tracing + transforming negative for pjit in 0.00037360191345214844 sec
WARNING:jax._src.dispatch:Finished tracing + transforming negative for pjit in 0.00036263465881347656 sec
WARNING:jax._src.dispatch:Finished tracing + transforming less for pjit in 0.0005125999450683594 sec
WARNING:jax._src.dispatch:Finished tracing + transforming add for pjit in 0.0004971027374267578 sec
WARNING:jax._src.dispatch:Finished tracing + transforming add for pjit in 0.0006399154663085938 sec
WARNING:jax._src.dispatch:Finished tracing + transforming negative for pjit in 0.00036716461181640625 sec
WARNING:jax._src.dispatch:Finished tracing + transforming ravel for pjit in 0.00033593177795410156 sec
WARNING:jax._src.dispatch:Finished tracing + transforming threefry_2x32 for pjit in 0.0022323131561279297 sec
WARNING:jax._src.dispatch:Finished tracing + transforming _threefry_random_bits_original for pjit in 0.003330230712890625 sec
WARNING:jax._src.dispatch:Finished tracing + transforming add for pjit in 0.0005135536193847656 sec
WARNING:jax._src.dispatch:Finished tracing + transforming add for pjit in 0.0005059242248535156 sec
WARNING:jax._src.dispatch:Finished tracing + transforming bitwise_or for pjit in 0.0006115436553955078 sec
WARNING:jax._src.dispatch:Finished tracing + transforming bitwise_xor for pjit in 0.0004961490631103516 sec
WARNING:jax._src.dispatch:Finished tracing + transforming _threefry_random_bits_original for pjit in 0.0010447502136230469 sec
WARNING:jax._src.dispatch:Finished jaxpr to MLIR module conversion jit(step) in 0.9063389301300049 sec
DEBUG:jax._src.compiler:get_compile_options: num_replicas=1 num_partitions=1 device_assignment=[[cuda(id=0)]]
DEBUG:jax._src.compiler:get_compile_options XLA-AutoFDO profile: using XLA-AutoFDO profile version -1
DEBUG:jax._src.compiler:Persistent compilation cache hit for 'jit_step'
WARNING:jax._src.dispatch:Finished XLA compilation of jit(step) in 0.26670026779174805 sec
WARNING:jax._src.dispatch:Finished tracing + transforming ravel for pjit in 0.0003001689910888672 sec
WARNING:jax._src.dispatch:Finished tracing + transforming append for pjit in 0.001435995101928711 sec
WARNING:jax._src.pjit:TRACING CACHE MISS at /home/antonio/dev/qdots_efficient/qdots_qll/models/single_dot_weak_coupling_GAME.py:159:23 (ExperimentSingleDotWeakCouplingGAME.append.<locals>.append_if_array) because:
  for append defined at /home/antonio/miniconda3/envs/jax_qdots/lib/python3.12/site-packages/jax/_src/numpy/lax_numpy.py:3612
  never seen input type signature:
    arr: f32[2],  values: f32[1]
  closest seen input type signature has 1 mismatches, including:
    * at arr, seen f32[1], but now given f32[2]
WARNING:jax._src.dispatch:Finished tracing + transforming ravel for pjit in 0.00028514862060546875 sec
WARNING:jax._src.dispatch:Finished tracing + transforming append for pjit in 0.0013282299041748047 sec
WARNING:jax._src.pjit:TRACING CACHE MISS at /home/antonio/dev/qdots_efficient/qdots_qll/models/single_dot_weak_coupling_GAME.py:159:23 (ExperimentSingleDotWeakCouplingGAME.append.<locals>.append_if_array) because:
  for append defined at /home/antonio/miniconda3/envs/jax_qdots/lib/python3.12/site-packages/jax/_src/numpy/lax_numpy.py:3612
  never seen input type signature:
    arr: i32[2],  values: i32[1]
  closest seen input type signature has 1 mismatches, including:
    * at arr, seen i32[1], but now given i32[2]
WARNING:jax._src.dispatch:Finished tracing + transforming _reduce_max for pjit in 0.0006885528564453125 sec
WARNING:jax._src.dispatch:Finished tracing + transforming resample for pjit in 0.38290977478027344 sec
WARNING:jax._src.pjit:TRACING CACHE MISS at /home/antonio/dev/qdots_efficient/qdots_qll/smc.py:751:29 (_aux_fun_resample) because:
  for MetropolisSampler.resample defined at /home/antonio/dev/qdots_efficient/qdots_qll/resamplers.py:211
  never seen input type signature
  closest seen input type signature has 4 mismatches, including:
    * at subkey, seen f32[2], but now given f32[3]
    * at distribution.particles_locations, seen i32[2], but now given i32[3]
    * at distribution.log_weights, seen i32[2], but now given i32[3]
    * at data.experiment.time, seen i32[2], but now given i32[3]
WARNING:jax._src.dispatch:Finished tracing + transforming step for pjit in 0.4903860092163086 sec
WARNING:jax._src.pjit:TRACING CACHE MISS at /home/antonio/dev/qdots_efficient/profiling/step_abstraction.py:116:22 (<module>) because:
  for SMCUpdater.step defined at /home/antonio/dev/qdots_efficient/qdots_qll/smc.py:684
  never seen input type signature
  closest seen input type signature has 4 mismatches, including:
    * at iteration, seen f32[1], but now given f32[2]
    * at key, seen i32[1], but now given i32[2]
    * at dist.particles_locations, seen i32[1], but now given i32[2]
    * at dist.log_weights, seen i32[1], but now given i32[2]
WARNING:jax._src.interpreters.pxla:Compiling step for with global shapes and types [ShapedArray(float32[], weak_type=True), ShapedArray(float32[4]), ShapedArray(float32[4,4]), ShapedArray(float32[3,2,4]), ShapedArray(float32[2,2], weak_type=True), ShapedArray(float32[2,2], weak_type=True), ShapedArray(float32[2,2], weak_type=True), ShapedArray(complex64[4,4]), ShapedArray(complex64[4,4]), ShapedArray(int32[], weak_type=True), ShapedArray(float32[4,2]), ShapedArray(float32[], weak_type=True), ShapedArray(float32[4,4]), ShapedArray(float32[3,2,4]), ShapedArray(float32[2,2], weak_type=True), ShapedArray(float32[2,2], weak_type=True), ShapedArray(float32[2,2], weak_type=True), ShapedArray(complex64[4,4]), ShapedArray(complex64[4,4]), ShapedArray(float32[2]), ShapedArray(int32[2]), ShapedArray(int32[2]), ShapedArray(int32[2]), ShapedArray(float32[500,4]), ShapedArray(float32[500]), ShapedArray(key<fry>[])]. Argument mapping: [UnspecifiedValue, UnspecifiedValue, UnspecifiedValue, UnspecifiedValue, UnspecifiedValue, UnspecifiedValue, UnspecifiedValue, UnspecifiedValue, UnspecifiedValue, UnspecifiedValue, UnspecifiedValue, UnspecifiedValue, UnspecifiedValue, UnspecifiedValue, UnspecifiedValue, UnspecifiedValue, UnspecifiedValue, UnspecifiedValue, UnspecifiedValue, UnspecifiedValue, UnspecifiedValue, UnspecifiedValue, UnspecifiedValue, UnspecifiedValue, UnspecifiedValue, UnspecifiedValue].
WARNING:jax._src.dispatch:Finished jaxpr to MLIR module conversion jit(step) in 0.9017271995544434 sec
DEBUG:jax._src.compiler:get_compile_options: num_replicas=1 num_partitions=1 device_assignment=[[cuda(id=0)]]
DEBUG:jax._src.compiler:get_compile_options XLA-AutoFDO profile: using XLA-AutoFDO profile version -1
DEBUG:jax._src.compiler:'jit_step' took at least 0.00 seconds to compile (5.69s)
INFO:jax._src.compilation_cache:Writing jit_step to persistent compilation cache with key jit_step-41affb601e57f4facec418966244e3edf800c34d28c6c4a974e69a34000f4146.
WARNING:jax._src.dispatch:Finished XLA compilation of jit(step) in 5.81573486328125 sec
DEBUG:matplotlib:matplotlib data path: /home/antonio/miniconda3/envs/jax_qdots/lib/python3.12/site-packages/matplotlib/mpl-data
DEBUG:matplotlib:CONFIGDIR=/home/antonio/.config/matplotlib
DEBUG:matplotlib:interactive is False
DEBUG:matplotlib:platform is linux
DEBUG:matplotlib:CACHEDIR=/home/antonio/.cache/matplotlib
DEBUG:matplotlib.font_manager:Using fontManager instance from /home/antonio/.cache/matplotlib/fontlist-v330.json
WARNING:jax._src.pjit:TRACING CACHE MISS at /home/antonio/dev/qdots_efficient/qdots_qll/models/single_dot_weak_coupling_GAME.py:22:8 (<module>) because:
  never seen function:
    convert_element_type id=140168275495648 defined at /home/antonio/miniconda3/envs/jax_qdots/lib/python3.12/site-packages/jax/_src/dispatch.py:93
INFO:jax._src.xla_bridge:Unable to initialize backend 'rocm': module 'jaxlib.xla_extension' has no attribute 'GpuAllocatorConfig'
INFO:jax._src.xla_bridge:Unable to initialize backend 'tpu': INTERNAL: Failed to open libtpu.so: libtpu.so: cannot open shared object file: No such file or directory
DEBUG:jax._src.compiler:get_compile_options: num_replicas=1 num_partitions=1 device_assignment=[[cuda(id=0)]]
DEBUG:jax._src.compiler:get_compile_options XLA-AutoFDO profile: using XLA-AutoFDO profile version -1
DEBUG:jax._src.compiler:Persistent compilation cache hit for 'jit_convert_element_type'
WARNING:jax._src.pjit:TRACING CACHE MISS at /home/antonio/dev/qdots_efficient/qdots_qll/models/single_dot_weak_coupling_GAME.py:28:8 (<module>) because:
  never seen function:
    convert_element_type id=140168289575904 defined at /home/antonio/miniconda3/envs/jax_qdots/lib/python3.12/site-packages/jax/_src/dispatch.py:93
DEBUG:jax._src.compiler:get_compile_options: num_replicas=1 num_partitions=1 device_assignment=[[cuda(id=0)]]
DEBUG:jax._src.compiler:get_compile_options XLA-AutoFDO profile: using XLA-AutoFDO profile version -1
DEBUG:jax._src.compiler:Persistent compilation cache hit for 'jit_convert_element_type'
WARNING:jax._src.pjit:TRACING CACHE MISS at /home/antonio/dev/qdots_efficient/qdots_qll/models/single_dot_weak_coupling_GAME.py:20:5 (<module>) because:
  for convert_element_type defined at /home/antonio/miniconda3/envs/jax_qdots/lib/python3.12/site-packages/jax/_src/dispatch.py:93
  never seen input type signature:
    args[0]: i32[2,2]
  closest seen input type signature has 1 mismatches, including:
    * at args[0], seen c64[2,2], but now given i32[2,2]
DEBUG:jax._src.compiler:get_compile_options: num_replicas=1 num_partitions=1 device_assignment=[[cuda(id=0)]]
DEBUG:jax._src.compiler:get_compile_options XLA-AutoFDO profile: using XLA-AutoFDO profile version -1
DEBUG:jax._src.compiler:Persistent compilation cache hit for 'jit_convert_element_type'
WARNING:jax._src.pjit:TRACING CACHE MISS at /home/antonio/dev/qdots_efficient/qdots_qll/models/single_dot_weak_coupling_GAME.py:20:5 (<module>) because:
  never seen function:
    broadcast_in_dim id=140168272611424 defined at /home/antonio/miniconda3/envs/jax_qdots/lib/python3.12/site-packages/jax/_src/dispatch.py:93
DEBUG:jax._src.compiler:get_compile_options: num_replicas=1 num_partitions=1 device_assignment=[[cuda(id=0)]]
DEBUG:jax._src.compiler:get_compile_options XLA-AutoFDO profile: using XLA-AutoFDO profile version -1
DEBUG:jax._src.compiler:Persistent compilation cache hit for 'jit_broadcast_in_dim'
WARNING:jax._src.pjit:TRACING CACHE MISS at /home/antonio/dev/qdots_efficient/qdots_qll/models/single_dot_weak_coupling_GAME.py:20:5 (<module>) because:
  never seen function:
    concatenate id=140168272614784 defined at /home/antonio/miniconda3/envs/jax_qdots/lib/python3.12/site-packages/jax/_src/dispatch.py:93
  but seen another function defined on the same line; maybe the function is
  being re-defined repeatedly, preventing caching?
DEBUG:jax._src.compiler:get_compile_options: num_replicas=1 num_partitions=1 device_assignment=[[cuda(id=0)]]
DEBUG:jax._src.compiler:get_compile_options XLA-AutoFDO profile: using XLA-AutoFDO profile version -1
DEBUG:jax._src.compiler:Persistent compilation cache hit for 'jit_concatenate'
DEBUG:jax._src.compiler:get_compile_options: num_replicas=1 num_partitions=1 device_assignment=[[cuda(id=0)]]
DEBUG:jax._src.compiler:get_compile_options XLA-AutoFDO profile: using XLA-AutoFDO profile version -1
DEBUG:jax._src.compiler:Persistent compilation cache hit for 'jit_sqrt'
DEBUG:jax._src.compiler:get_compile_options: num_replicas=1 num_partitions=1 device_assignment=[[cuda(id=0)]]
DEBUG:jax._src.compiler:get_compile_options XLA-AutoFDO profile: using XLA-AutoFDO profile version -1
DEBUG:jax._src.compiler:Persistent compilation cache hit for 'jit_true_divide'
WARNING:jax._src.pjit:TRACING CACHE MISS at /home/antonio/dev/qdots_efficient/qdots_qll/models/single_dot_weak_coupling_GAME.py:64:18 (<module>) because:
  never seen function:
    convert_element_type id=140168272621664 defined at /home/antonio/miniconda3/envs/jax_qdots/lib/python3.12/site-packages/jax/_src/dispatch.py:93
DEBUG:jax._src.compiler:get_compile_options: num_replicas=1 num_partitions=1 device_assignment=[[cuda(id=0)]]
DEBUG:jax._src.compiler:get_compile_options XLA-AutoFDO profile: using XLA-AutoFDO profile version -1
DEBUG:jax._src.compiler:Persistent compilation cache hit for 'jit_convert_element_type'
WARNING:jax._src.pjit:TRACING CACHE MISS at /home/antonio/dev/qdots_efficient/qdots_qll/models/single_dot_weak_coupling_GAME.py:67:4 (<module>) because:
  for convert_element_type defined at /home/antonio/miniconda3/envs/jax_qdots/lib/python3.12/site-packages/jax/_src/dispatch.py:93
  never seen input type signature:
    args[0]: c64[6,2,2]
  closest seen input type signature has 1 mismatches, including:
    * at args[0], seen c64[2,2], but now given c64[6,2,2]
DEBUG:jax._src.compiler:get_compile_options: num_replicas=1 num_partitions=1 device_assignment=[[cuda(id=0)]]
DEBUG:jax._src.compiler:get_compile_options XLA-AutoFDO profile: using XLA-AutoFDO profile version -1
DEBUG:jax._src.compiler:Persistent compilation cache hit for 'jit_convert_element_type'
DEBUG:jax._src.compiler:get_compile_options: num_replicas=1 num_partitions=1 device_assignment=[[cuda(id=0)]]
DEBUG:jax._src.compiler:get_compile_options XLA-AutoFDO profile: using XLA-AutoFDO profile version -1
DEBUG:jax._src.compiler:Persistent compilation cache hit for 'jit_true_divide'
WARNING:jax._src.pjit:TRACING CACHE MISS at /home/antonio/dev/qdots_efficient/qdots_qll/models/single_dot_weak_coupling_GAME.py:78:2 (<module>) because:
  never seen function:
    reshape id=140168272625344 defined at /home/antonio/miniconda3/envs/jax_qdots/lib/python3.12/site-packages/jax/_src/dispatch.py:93
DEBUG:jax._src.compiler:get_compile_options: num_replicas=1 num_partitions=1 device_assignment=[[cuda(id=0)]]
DEBUG:jax._src.compiler:get_compile_options XLA-AutoFDO profile: using XLA-AutoFDO profile version -1
DEBUG:jax._src.compiler:Persistent compilation cache hit for 'jit_reshape'
WARNING:jax._src.pjit:TRACING CACHE MISS at /home/antonio/dev/qdots_efficient/qdots_qll/models/single_dot_weak_coupling_GAME.py:87:20 (<module>) because:
  for convert_element_type defined at /home/antonio/miniconda3/envs/jax_qdots/lib/python3.12/site-packages/jax/_src/dispatch.py:93
  never seen input type signature:
    args[0]: c64[4,2,2]
  closest seen input type signature has 1 mismatches, including:
    * at args[0], seen c64[2,2], but now given c64[4,2,2]
DEBUG:jax._src.compiler:get_compile_options: num_replicas=1 num_partitions=1 device_assignment=[[cuda(id=0)]]
DEBUG:jax._src.compiler:get_compile_options XLA-AutoFDO profile: using XLA-AutoFDO profile version -1
DEBUG:jax._src.compiler:Persistent compilation cache hit for 'jit_convert_element_type'
DEBUG:jax._src.compiler:get_compile_options: num_replicas=1 num_partitions=1 device_assignment=[[cuda(id=0)]]
DEBUG:jax._src.compiler:get_compile_options XLA-AutoFDO profile: using XLA-AutoFDO profile version -1
DEBUG:jax._src.compiler:Persistent compilation cache hit for 'jit__einsum'
DEBUG:jax._src.compiler:get_compile_options: num_replicas=1 num_partitions=1 device_assignment=[[cuda(id=0)]]
DEBUG:jax._src.compiler:get_compile_options XLA-AutoFDO profile: using XLA-AutoFDO profile version -1
DEBUG:jax._src.compiler:Persistent compilation cache hit for 'jit_real'
WARNING:jax._src.pjit:TRACING CACHE MISS at /home/antonio/dev/qdots_efficient/qdots_qll/models/single_dot_weak_coupling_GAME.py:89:23 (<module>) because:
  never seen function:
    transpose id=140168272612704 defined at /home/antonio/miniconda3/envs/jax_qdots/lib/python3.12/site-packages/jax/_src/dispatch.py:93
DEBUG:jax._src.compiler:get_compile_options: num_replicas=1 num_partitions=1 device_assignment=[[cuda(id=0)]]
DEBUG:jax._src.compiler:get_compile_options XLA-AutoFDO profile: using XLA-AutoFDO profile version -1
DEBUG:jax._src.compiler:Persistent compilation cache hit for 'jit_transpose'
WARNING:jax._src.pjit:TRACING CACHE MISS at /home/antonio/dev/qdots_efficient/profiling/step_abstraction.py:37:6 (<module>) because:
  for convert_element_type defined at /home/antonio/miniconda3/envs/jax_qdots/lib/python3.12/site-packages/jax/_src/dispatch.py:93
  never seen input type signature:
    args[0]: i32[]
  closest seen input type signature has 1 mismatches, including:
    * at args[0], seen i32[2,2], but now given i32[]
DEBUG:jax._src.compiler:get_compile_options: num_replicas=1 num_partitions=1 device_assignment=[[cuda(id=0)]]
DEBUG:jax._src.compiler:get_compile_options XLA-AutoFDO profile: using XLA-AutoFDO profile version -1
DEBUG:jax._src.compiler:Persistent compilation cache hit for 'jit_convert_element_type'
DEBUG:jax._src.compiler:get_compile_options: num_replicas=1 num_partitions=1 device_assignment=[[cuda(id=0)]]
DEBUG:jax._src.compiler:get_compile_options XLA-AutoFDO profile: using XLA-AutoFDO profile version -1
DEBUG:jax._src.compiler:Persistent compilation cache hit for 'jit__threefry_seed'
WARNING:jax._src.pjit:TRACING CACHE MISS at /home/antonio/dev/qdots_efficient/profiling/step_abstraction.py:38:14 (<module>) because:
  never seen function:
    _threefry_split id=140168901853024 defined at /home/antonio/miniconda3/envs/jax_qdots/lib/python3.12/site-packages/jax/_src/prng.py:1204
DEBUG:jax._src.compiler:get_compile_options: num_replicas=1 num_partitions=1 device_assignment=[[cuda(id=0)]]
DEBUG:jax._src.compiler:get_compile_options XLA-AutoFDO profile: using XLA-AutoFDO profile version -1
DEBUG:jax._src.compiler:Persistent compilation cache hit for 'jit__threefry_split'
WARNING:jax._src.pjit:TRACING CACHE MISS at /home/antonio/dev/qdots_efficient/profiling/step_abstraction.py:38 (<module>) because:
  never seen function:
    _unstack id=140168906285248 defined at /home/antonio/miniconda3/envs/jax_qdots/lib/python3.12/site-packages/jax/_src/numpy/array_methods.py:337
DEBUG:jax._src.compiler:get_compile_options: num_replicas=1 num_partitions=1 device_assignment=[[cuda(id=0)]]
DEBUG:jax._src.compiler:get_compile_options XLA-AutoFDO profile: using XLA-AutoFDO profile version -1
DEBUG:jax._src.compiler:Persistent compilation cache hit for 'jit__unstack'
WARNING:jax._src.pjit:TRACING CACHE MISS at /home/antonio/dev/qdots_efficient/qdots_qll/models/models_scratch_for_drafting.py:35:24 (BaseClassDimension.__init__) because:
  for convert_element_type defined at /home/antonio/miniconda3/envs/jax_qdots/lib/python3.12/site-packages/jax/_src/dispatch.py:93
  never seen input type signature:
    args[0]: f32[]
  closest seen input type signature has 1 mismatches, including:
    * at args[0], seen f32[4], but now given f32[]
DEBUG:jax._src.compiler:get_compile_options: num_replicas=1 num_partitions=1 device_assignment=[[cuda(id=0)]]
DEBUG:jax._src.compiler:get_compile_options XLA-AutoFDO profile: using XLA-AutoFDO profile version -1
DEBUG:jax._src.compiler:Persistent compilation cache hit for 'jit_convert_element_type'
WARNING:jax._src.pjit:TRACING CACHE MISS at /home/antonio/dev/qdots_efficient/qdots_qll/models/models_scratch_for_drafting.py:35:24 (BaseClassDimension.__init__) because:
  never seen function:
    broadcast_in_dim id=140168064510336 defined at /home/antonio/miniconda3/envs/jax_qdots/lib/python3.12/site-packages/jax/_src/dispatch.py:93
DEBUG:jax._src.compiler:get_compile_options: num_replicas=1 num_partitions=1 device_assignment=[[cuda(id=0)]]
DEBUG:jax._src.compiler:get_compile_options XLA-AutoFDO profile: using XLA-AutoFDO profile version -1
DEBUG:jax._src.compiler:Persistent compilation cache hit for 'jit_broadcast_in_dim'
WARNING:jax._src.pjit:TRACING CACHE MISS at /home/antonio/dev/qdots_efficient/qdots_qll/models/single_dot_weak_coupling_GAME.py:194:30 (SingleDotWeakCouplingGAME.__init__) because:
  never seen function:
    iota id=140168064512576 defined at /home/antonio/miniconda3/envs/jax_qdots/lib/python3.12/site-packages/jax/_src/dispatch.py:93
DEBUG:jax._src.compiler:get_compile_options: num_replicas=1 num_partitions=1 device_assignment=[[cuda(id=0)]]
DEBUG:jax._src.compiler:get_compile_options XLA-AutoFDO profile: using XLA-AutoFDO profile version -1
DEBUG:jax._src.compiler:Persistent compilation cache hit for 'jit_iota'
WARNING:jax._src.pjit:TRACING CACHE MISS at /home/antonio/dev/qdots_efficient/qdots_qll/models/single_dot_weak_coupling_GAME.py:194:30 (SingleDotWeakCouplingGAME.__init__) because:
  never seen function:
    add id=140168064514656 defined at /home/antonio/miniconda3/envs/jax_qdots/lib/python3.12/site-packages/jax/_src/dispatch.py:93
  but seen another function defined on the same line; maybe the function is
  being re-defined repeatedly, preventing caching?
DEBUG:jax._src.compiler:get_compile_options: num_replicas=1 num_partitions=1 device_assignment=[[cuda(id=0)]]
DEBUG:jax._src.compiler:get_compile_options XLA-AutoFDO profile: using XLA-AutoFDO profile version -1
DEBUG:jax._src.compiler:Persistent compilation cache hit for 'jit_add'
WARNING:jax._src.pjit:TRACING CACHE MISS at /home/antonio/dev/qdots_efficient/qdots_qll/models/single_dot_weak_coupling_GAME.py:194:30 (SingleDotWeakCouplingGAME.__init__) because:
  never seen function:
    iota id=140168064811712 defined at /home/antonio/miniconda3/envs/jax_qdots/lib/python3.12/site-packages/jax/_src/dispatch.py:93
  but seen another function defined on the same line; maybe the function is
  being re-defined repeatedly, preventing caching?
DEBUG:jax._src.compiler:get_compile_options: num_replicas=1 num_partitions=1 device_assignment=[[cuda(id=0)]]
DEBUG:jax._src.compiler:get_compile_options XLA-AutoFDO profile: using XLA-AutoFDO profile version -1
DEBUG:jax._src.compiler:Persistent compilation cache hit for 'jit_iota'
WARNING:jax._src.pjit:TRACING CACHE MISS at /home/antonio/dev/qdots_efficient/qdots_qll/models/single_dot_weak_coupling_GAME.py:194:30 (SingleDotWeakCouplingGAME.__init__) because:
  never seen function:
    eq id=140168064814272 defined at /home/antonio/miniconda3/envs/jax_qdots/lib/python3.12/site-packages/jax/_src/dispatch.py:93
  but seen another function defined on the same line; maybe the function is
  being re-defined repeatedly, preventing caching?
DEBUG:jax._src.compiler:get_compile_options: num_replicas=1 num_partitions=1 device_assignment=[[cuda(id=0)]]
DEBUG:jax._src.compiler:get_compile_options XLA-AutoFDO profile: using XLA-AutoFDO profile version -1
DEBUG:jax._src.compiler:Persistent compilation cache hit for 'jit_eq'
WARNING:jax._src.pjit:TRACING CACHE MISS at /home/antonio/dev/qdots_efficient/qdots_qll/models/single_dot_weak_coupling_GAME.py:194:30 (SingleDotWeakCouplingGAME.__init__) because:
  for convert_element_type defined at /home/antonio/miniconda3/envs/jax_qdots/lib/python3.12/site-packages/jax/_src/dispatch.py:93
  never seen input type signature:
    args[0]: bool[4,4]
  closest seen input type signature has 1 mismatches, including:
    * at args[0], seen f32[4], but now given bool[4,4]
DEBUG:jax._src.compiler:get_compile_options: num_replicas=1 num_partitions=1 device_assignment=[[cuda(id=0)]]
DEBUG:jax._src.compiler:get_compile_options XLA-AutoFDO profile: using XLA-AutoFDO profile version -1
DEBUG:jax._src.compiler:Persistent compilation cache hit for 'jit_convert_element_type'
DEBUG:jax._src.compiler:get_compile_options: num_replicas=1 num_partitions=1 device_assignment=[[cuda(id=0)]]
DEBUG:jax._src.compiler:get_compile_options XLA-AutoFDO profile: using XLA-AutoFDO profile version -1
DEBUG:jax._src.compiler:Persistent compilation cache hit for 'jit__einsum'
DEBUG:jax._src.compiler:get_compile_options: num_replicas=1 num_partitions=1 device_assignment=[[cuda(id=0)]]
DEBUG:jax._src.compiler:get_compile_options XLA-AutoFDO profile: using XLA-AutoFDO profile version -1
DEBUG:jax._src.compiler:Persistent compilation cache hit for 'jit_real'
DEBUG:jax._src.compiler:get_compile_options: num_replicas=1 num_partitions=1 device_assignment=[[cuda(id=0)]]
DEBUG:jax._src.compiler:get_compile_options XLA-AutoFDO profile: using XLA-AutoFDO profile version -1
DEBUG:jax._src.compiler:Persistent compilation cache hit for 'jit_multiply'
DEBUG:jax._src.compiler:get_compile_options: num_replicas=1 num_partitions=1 device_assignment=[[cuda(id=0)]]
DEBUG:jax._src.compiler:get_compile_options XLA-AutoFDO profile: using XLA-AutoFDO profile version -1
DEBUG:jax._src.compiler:Persistent compilation cache hit for 'jit_true_divide'
DEBUG:jax._src.compiler:get_compile_options: num_replicas=1 num_partitions=1 device_assignment=[[cuda(id=0)]]
DEBUG:jax._src.compiler:get_compile_options XLA-AutoFDO profile: using XLA-AutoFDO profile version -1
DEBUG:jax._src.compiler:Persistent compilation cache hit for 'jit_add'
WARNING:jax._src.pjit:TRACING CACHE MISS at /home/antonio/dev/qdots_efficient/qdots_qll/models/single_dot_weak_coupling_GAME.py:262:12 (SingleDotWeakCouplingGAME.make_Aij) because:
  never seen function:
    eigh id=140168905881408 defined at /home/antonio/miniconda3/envs/jax_qdots/lib/python3.12/site-packages/jax/_src/numpy/linalg.py:774
DEBUG:jax._src.compiler:get_compile_options: num_replicas=1 num_partitions=1 device_assignment=[[cuda(id=0)]]
DEBUG:jax._src.compiler:get_compile_options XLA-AutoFDO profile: using XLA-AutoFDO profile version -1
DEBUG:jax._src.compiler:Persistent compilation cache hit for 'jit_eigh'
DEBUG:jax._src.compiler:get_compile_options: num_replicas=1 num_partitions=1 device_assignment=[[cuda(id=0)]]
DEBUG:jax._src.compiler:get_compile_options XLA-AutoFDO profile: using XLA-AutoFDO profile version -1
DEBUG:jax._src.compiler:Persistent compilation cache hit for 'jit_matmul'
WARNING:jax._src.pjit:TRACING CACHE MISS at /home/antonio/dev/qdots_efficient/qdots_qll/models/models_scratch_for_drafting.py:39:29 (BaseClassDimension.dag) because:
  for transpose defined at /home/antonio/miniconda3/envs/jax_qdots/lib/python3.12/site-packages/jax/_src/dispatch.py:93
  never seen input type signature:
    args[0]: f32[2,2]
  closest seen input type signature has 1 mismatches, including:
    * at args[0], seen f32[4,4], but now given f32[2,2]
DEBUG:jax._src.compiler:get_compile_options: num_replicas=1 num_partitions=1 device_assignment=[[cuda(id=0)]]
DEBUG:jax._src.compiler:get_compile_options XLA-AutoFDO profile: using XLA-AutoFDO profile version -1
DEBUG:jax._src.compiler:Persistent compilation cache hit for 'jit_transpose'
DEBUG:jax._src.compiler:get_compile_options: num_replicas=1 num_partitions=1 device_assignment=[[cuda(id=0)]]
DEBUG:jax._src.compiler:get_compile_options XLA-AutoFDO profile: using XLA-AutoFDO profile version -1
DEBUG:jax._src.compiler:Persistent compilation cache hit for 'jit_conjugate'
DEBUG:jax._src.compiler:get_compile_options: num_replicas=1 num_partitions=1 device_assignment=[[cuda(id=0)]]
DEBUG:jax._src.compiler:get_compile_options XLA-AutoFDO profile: using XLA-AutoFDO profile version -1
DEBUG:jax._src.compiler:Persistent compilation cache hit for 'jit_matmul'
DEBUG:jax._src.compiler:get_compile_options: num_replicas=1 num_partitions=1 device_assignment=[[cuda(id=0)]]
DEBUG:jax._src.compiler:get_compile_options XLA-AutoFDO profile: using XLA-AutoFDO profile version -1
DEBUG:jax._src.compiler:Persistent compilation cache hit for 'jit__einsum'
WARNING:jax._src.pjit:TRACING CACHE MISS at /home/antonio/dev/qdots_efficient/qdots_qll/models/single_dot_weak_coupling_GAME.py:202:40 (SingleDotWeakCouplingGAME.__init__.<locals>.<lambda>) because:
  never seen function:
    BaseClassDimension.vec id=140168275218080 defined at /home/antonio/dev/qdots_efficient/qdots_qll/models/models_scratch_for_drafting.py:41
DEBUG:jax._src.compiler:get_compile_options: num_replicas=1 num_partitions=1 device_assignment=[[cuda(id=0)]]
DEBUG:jax._src.compiler:get_compile_options XLA-AutoFDO profile: using XLA-AutoFDO profile version -1
DEBUG:jax._src.compiler:Persistent compilation cache hit for 'jit_vec'
WARNING:jax._src.pjit:TRACING CACHE MISS at /home/antonio/dev/qdots_efficient/profiling/step_abstraction.py:43:13 (<module>) because:
  for convert_element_type defined at /home/antonio/miniconda3/envs/jax_qdots/lib/python3.12/site-packages/jax/_src/dispatch.py:93
  never seen input type signature:
    args[0]: f32[4,2]
  closest seen input type signature has 1 mismatches, including:
    * at args[0], seen f32[4], but now given f32[4,2]
DEBUG:jax._src.compiler:get_compile_options: num_replicas=1 num_partitions=1 device_assignment=[[cuda(id=0)]]
DEBUG:jax._src.compiler:get_compile_options XLA-AutoFDO profile: using XLA-AutoFDO profile version -1
DEBUG:jax._src.compiler:Persistent compilation cache hit for 'jit_convert_element_type'
DEBUG:jax._src.compiler:get_compile_options: num_replicas=1 num_partitions=1 device_assignment=[[cuda(id=0)]]
DEBUG:jax._src.compiler:get_compile_options XLA-AutoFDO profile: using XLA-AutoFDO profile version -1
DEBUG:jax._src.compiler:Persistent compilation cache hit for 'jit__mean'
WARNING:jax._src.pjit:TRACING CACHE MISS at /home/antonio/dev/qdots_efficient/profiling/step_abstraction.py:54:8 (<module>) because:
  never seen function:
    _var id=140168906956032 defined at /home/antonio/miniconda3/envs/jax_qdots/lib/python3.12/site-packages/jax/_src/numpy/reductions.py:440
WARNING:jax._src.pjit:TRACING CACHE MISS at /home/antonio/dev/qdots_efficient/profiling/step_abstraction.py:54:8 (<module>) because:
  never seen function:
    _std id=140168906957632 defined at /home/antonio/miniconda3/envs/jax_qdots/lib/python3.12/site-packages/jax/_src/numpy/reductions.py:501
  but seen another function defined on the same line; maybe the function is
  being re-defined repeatedly, preventing caching?
DEBUG:jax._src.compiler:get_compile_options: num_replicas=1 num_partitions=1 device_assignment=[[cuda(id=0)]]
DEBUG:jax._src.compiler:get_compile_options XLA-AutoFDO profile: using XLA-AutoFDO profile version -1
DEBUG:jax._src.compiler:Persistent compilation cache hit for 'jit__std'
DEBUG:tensorflow:Falling back to TensorFlow client; we recommended you install the Cloud TPU client directly with pip install cloud-tpu-client.
DEBUG:h5py._conv:Creating converter from 7 to 5
DEBUG:h5py._conv:Creating converter from 5 to 7
DEBUG:h5py._conv:Creating converter from 7 to 5
DEBUG:h5py._conv:Creating converter from 5 to 7
DEBUG:jax._src.compiler:get_compile_options: num_replicas=1 num_partitions=1 device_assignment=[[cuda(id=0)]]
DEBUG:jax._src.compiler:get_compile_options XLA-AutoFDO profile: using XLA-AutoFDO profile version -1
DEBUG:jax._src.compiler:Persistent compilation cache hit for 'jit_true_divide'
WARNING:jax._src.pjit:TRACING CACHE MISS at /home/antonio/dev/qdots_efficient/profiling/step_abstraction.py:58:36 (<module>) because:
  never seen function:
    dynamic_slice id=140168065116224 defined at /home/antonio/miniconda3/envs/jax_qdots/lib/python3.12/site-packages/jax/_src/dispatch.py:93
DEBUG:jax._src.compiler:get_compile_options: num_replicas=1 num_partitions=1 device_assignment=[[cuda(id=0)]]
DEBUG:jax._src.compiler:get_compile_options XLA-AutoFDO profile: using XLA-AutoFDO profile version -1
DEBUG:jax._src.compiler:Persistent compilation cache hit for 'jit_dynamic_slice'
WARNING:jax._src.pjit:TRACING CACHE MISS at /home/antonio/dev/qdots_efficient/profiling/step_abstraction.py:58:36 (<module>) because:
  never seen function:
    squeeze id=140166226955296 defined at /home/antonio/miniconda3/envs/jax_qdots/lib/python3.12/site-packages/jax/_src/dispatch.py:93
  but seen another function defined on the same line; maybe the function is
  being re-defined repeatedly, preventing caching?
DEBUG:jax._src.compiler:get_compile_options: num_replicas=1 num_partitions=1 device_assignment=[[cuda(id=0)]]
DEBUG:jax._src.compiler:get_compile_options XLA-AutoFDO profile: using XLA-AutoFDO profile version -1
DEBUG:jax._src.compiler:Persistent compilation cache hit for 'jit_squeeze'
DEBUG:jax._src.compiler:get_compile_options: num_replicas=1 num_partitions=1 device_assignment=[[cuda(id=0)]]
DEBUG:jax._src.compiler:get_compile_options XLA-AutoFDO profile: using XLA-AutoFDO profile version -1
DEBUG:jax._src.compiler:Persistent compilation cache hit for 'jit_subtract'
DEBUG:jax._src.compiler:get_compile_options: num_replicas=1 num_partitions=1 device_assignment=[[cuda(id=0)]]
DEBUG:jax._src.compiler:get_compile_options XLA-AutoFDO profile: using XLA-AutoFDO profile version -1
DEBUG:jax._src.compiler:Persistent compilation cache hit for 'jit_true_divide'
WARNING:jax._src.pjit:TRACING CACHE MISS at /home/antonio/dev/qdots_efficient/profiling/step_abstraction.py:62:27 (<module>) because:
  never seen function:
    _uniform id=140168901864288 defined at /home/antonio/miniconda3/envs/jax_qdots/lib/python3.12/site-packages/jax/_src/random.py:400
WARNING:jax._src.pjit:TRACING CACHE MISS at /home/antonio/dev/qdots_efficient/profiling/step_abstraction.py:62:27 (<module>) because:
  never seen function:
    clip id=140168907300576 defined at /home/antonio/miniconda3/envs/jax_qdots/lib/python3.12/site-packages/jax/_src/numpy/lax_numpy.py:1550
  but seen another function defined on the same line; maybe the function is
  being re-defined repeatedly, preventing caching?
WARNING:jax._src.pjit:TRACING CACHE MISS at /home/antonio/dev/qdots_efficient/profiling/step_abstraction.py:62:27 (<module>) because:
  never seen function:
    _truncated_normal id=140168901938208 defined at /home/antonio/miniconda3/envs/jax_qdots/lib/python3.12/site-packages/jax/_src/random.py:860
  but seen another function defined on the same line; maybe the function is
  being re-defined repeatedly, preventing caching?
DEBUG:jax._src.compiler:get_compile_options: num_replicas=1 num_partitions=1 device_assignment=[[cuda(id=0)]]
DEBUG:jax._src.compiler:get_compile_options XLA-AutoFDO profile: using XLA-AutoFDO profile version -1
DEBUG:jax._src.compiler:Persistent compilation cache hit for 'jit__truncated_normal'
DEBUG:jax._src.compiler:get_compile_options: num_replicas=1 num_partitions=1 device_assignment=[[cuda(id=0)]]
DEBUG:jax._src.compiler:get_compile_options XLA-AutoFDO profile: using XLA-AutoFDO profile version -1
DEBUG:jax._src.compiler:Persistent compilation cache hit for 'jit_multiply'
DEBUG:jax._src.compiler:get_compile_options: num_replicas=1 num_partitions=1 device_assignment=[[cuda(id=0)]]
DEBUG:jax._src.compiler:get_compile_options XLA-AutoFDO profile: using XLA-AutoFDO profile version -1
DEBUG:jax._src.compiler:Persistent compilation cache hit for 'jit_add'
WARNING:jax._src.pjit:TRACING CACHE MISS at /home/antonio/dev/qdots_efficient/profiling/step_abstraction.py:62:27 (<module>) because:
  for convert_element_type defined at /home/antonio/miniconda3/envs/jax_qdots/lib/python3.12/site-packages/jax/_src/dispatch.py:93
  never seen input type signature:
    args[0]: f32[0]
  closest seen input type signature has 1 mismatches, including:
    * at args[0], seen f32[4], but now given f32[0]
DEBUG:jax._src.compiler:get_compile_options: num_replicas=1 num_partitions=1 device_assignment=[[cuda(id=0)]]
DEBUG:jax._src.compiler:get_compile_options XLA-AutoFDO profile: using XLA-AutoFDO profile version -1
DEBUG:jax._src.compiler:Persistent compilation cache hit for 'jit_convert_element_type'
WARNING:jax._src.pjit:TRACING CACHE MISS at /home/antonio/dev/qdots_efficient/profiling/step_abstraction.py:62:27 (<module>) because:
  never seen function:
    broadcast_in_dim id=140166226968096 defined at /home/antonio/miniconda3/envs/jax_qdots/lib/python3.12/site-packages/jax/_src/dispatch.py:93
  but seen another function defined on the same line; maybe the function is
  being re-defined repeatedly, preventing caching?
DEBUG:jax._src.compiler:get_compile_options: num_replicas=1 num_partitions=1 device_assignment=[[cuda(id=0)]]
DEBUG:jax._src.compiler:get_compile_options XLA-AutoFDO profile: using XLA-AutoFDO profile version -1
DEBUG:jax._src.compiler:Persistent compilation cache hit for 'jit_broadcast_in_dim'
WARNING:jax._src.pjit:TRACING CACHE MISS at /home/antonio/dev/qdots_efficient/profiling/step_abstraction.py:65:10 (<module>) because:
  never seen function:
    broadcast_in_dim id=140166226962176 defined at /home/antonio/miniconda3/envs/jax_qdots/lib/python3.12/site-packages/jax/_src/dispatch.py:93
DEBUG:jax._src.compiler:get_compile_options: num_replicas=1 num_partitions=1 device_assignment=[[cuda(id=0)]]
DEBUG:jax._src.compiler:get_compile_options XLA-AutoFDO profile: using XLA-AutoFDO profile version -1
DEBUG:jax._src.compiler:Persistent compilation cache hit for 'jit_broadcast_in_dim'
DEBUG:jax._src.compiler:get_compile_options: num_replicas=1 num_partitions=1 device_assignment=[[cuda(id=0)]]
DEBUG:jax._src.compiler:get_compile_options XLA-AutoFDO profile: using XLA-AutoFDO profile version -1
DEBUG:jax._src.compiler:Persistent compilation cache hit for 'jit_true_divide'
DEBUG:jax._src.compiler:get_compile_options: num_replicas=1 num_partitions=1 device_assignment=[[cuda(id=0)]]
DEBUG:jax._src.compiler:get_compile_options XLA-AutoFDO profile: using XLA-AutoFDO profile version -1
DEBUG:jax._src.compiler:Persistent compilation cache hit for 'jit_log'
DEBUG:jax._src.compiler:get_compile_options: num_replicas=1 num_partitions=1 device_assignment=[[cuda(id=0)]]
DEBUG:jax._src.compiler:get_compile_options XLA-AutoFDO profile: using XLA-AutoFDO profile version -1
DEBUG:jax._src.compiler:Persistent compilation cache hit for 'jit_real'
DEBUG:jax._src.compiler:get_compile_options: num_replicas=1 num_partitions=1 device_assignment=[[cuda(id=0)]]
DEBUG:jax._src.compiler:get_compile_options XLA-AutoFDO profile: using XLA-AutoFDO profile version -1
DEBUG:jax._src.compiler:Persistent compilation cache hit for 'jit__reduce_max'
DEBUG:jax._src.compiler:get_compile_options: num_replicas=1 num_partitions=1 device_assignment=[[cuda(id=0)]]
DEBUG:jax._src.compiler:get_compile_options XLA-AutoFDO profile: using XLA-AutoFDO profile version -1
DEBUG:jax._src.compiler:Persistent compilation cache hit for 'jit_isfinite'
WARNING:jax._src.pjit:TRACING CACHE MISS at /home/antonio/dev/qdots_efficient/qdots_qll/distributions.py:107:34 (normalize_log_weights) because:
  never seen function:
    select_n id=140166225407456 defined at /home/antonio/miniconda3/envs/jax_qdots/lib/python3.12/site-packages/jax/_src/dispatch.py:93
DEBUG:jax._src.compiler:get_compile_options: num_replicas=1 num_partitions=1 device_assignment=[[cuda(id=0)]]
DEBUG:jax._src.compiler:get_compile_options XLA-AutoFDO profile: using XLA-AutoFDO profile version -1
DEBUG:jax._src.compiler:Persistent compilation cache hit for 'jit_select_n'
WARNING:jax._src.pjit:TRACING CACHE MISS at /home/antonio/dev/qdots_efficient/qdots_qll/distributions.py:107:34 (normalize_log_weights) because:
  for broadcast_in_dim defined at /home/antonio/miniconda3/envs/jax_qdots/lib/python3.12/site-packages/jax/_src/dispatch.py:93
  never seen input type signature:
    args[0]: f32[]
  closest seen input type signature has 1 mismatches, including:
    * at args[0], seen i32[], but now given f32[]
DEBUG:jax._src.compiler:get_compile_options: num_replicas=1 num_partitions=1 device_assignment=[[cuda(id=0)]]
DEBUG:jax._src.compiler:get_compile_options XLA-AutoFDO profile: using XLA-AutoFDO profile version -1
DEBUG:jax._src.compiler:Persistent compilation cache hit for 'jit_broadcast_in_dim'
WARNING:jax._src.pjit:TRACING CACHE MISS at /home/antonio/dev/qdots_efficient/qdots_qll/distributions.py:107:34 (normalize_log_weights) because:
  never seen function:
    sub id=140166225410016 defined at /home/antonio/miniconda3/envs/jax_qdots/lib/python3.12/site-packages/jax/_src/dispatch.py:93
  but seen another function defined on the same line; maybe the function is
  being re-defined repeatedly, preventing caching?
DEBUG:jax._src.compiler:get_compile_options: num_replicas=1 num_partitions=1 device_assignment=[[cuda(id=0)]]
DEBUG:jax._src.compiler:get_compile_options XLA-AutoFDO profile: using XLA-AutoFDO profile version -1
DEBUG:jax._src.compiler:Persistent compilation cache hit for 'jit_sub'
WARNING:jax._src.pjit:TRACING CACHE MISS at /home/antonio/dev/qdots_efficient/qdots_qll/distributions.py:107:34 (normalize_log_weights) because:
  never seen function:
    exp id=140166225740480 defined at /home/antonio/miniconda3/envs/jax_qdots/lib/python3.12/site-packages/jax/_src/dispatch.py:93
  but seen another function defined on the same line; maybe the function is
  being re-defined repeatedly, preventing caching?
DEBUG:jax._src.compiler:get_compile_options: num_replicas=1 num_partitions=1 device_assignment=[[cuda(id=0)]]
DEBUG:jax._src.compiler:get_compile_options XLA-AutoFDO profile: using XLA-AutoFDO profile version -1
DEBUG:jax._src.compiler:Persistent compilation cache hit for 'jit_exp'
DEBUG:jax._src.compiler:get_compile_options: num_replicas=1 num_partitions=1 device_assignment=[[cuda(id=0)]]
DEBUG:jax._src.compiler:get_compile_options XLA-AutoFDO profile: using XLA-AutoFDO profile version -1
DEBUG:jax._src.compiler:Persistent compilation cache hit for 'jit__reduce_sum'
WARNING:jax._src.pjit:TRACING CACHE MISS at /home/antonio/dev/qdots_efficient/qdots_qll/distributions.py:107:34 (normalize_log_weights) because:
  never seen function:
    sign id=140166225744320 defined at /home/antonio/miniconda3/envs/jax_qdots/lib/python3.12/site-packages/jax/_src/dispatch.py:93
  but seen another function defined on the same line; maybe the function is
  being re-defined repeatedly, preventing caching?
DEBUG:jax._src.compiler:get_compile_options: num_replicas=1 num_partitions=1 device_assignment=[[cuda(id=0)]]
DEBUG:jax._src.compiler:get_compile_options XLA-AutoFDO profile: using XLA-AutoFDO profile version -1
DEBUG:jax._src.compiler:Persistent compilation cache hit for 'jit_sign'
DEBUG:jax._src.compiler:get_compile_options: num_replicas=1 num_partitions=1 device_assignment=[[cuda(id=0)]]
DEBUG:jax._src.compiler:get_compile_options XLA-AutoFDO profile: using XLA-AutoFDO profile version -1
DEBUG:jax._src.compiler:Persistent compilation cache hit for 'jit_absolute'
WARNING:jax._src.pjit:TRACING CACHE MISS at /home/antonio/dev/qdots_efficient/qdots_qll/distributions.py:107:34 (normalize_log_weights) because:
  never seen function:
    log id=140166225747680 defined at /home/antonio/miniconda3/envs/jax_qdots/lib/python3.12/site-packages/jax/_src/dispatch.py:93
  but seen another function defined on the same line; maybe the function is
  being re-defined repeatedly, preventing caching?
DEBUG:jax._src.compiler:get_compile_options: num_replicas=1 num_partitions=1 device_assignment=[[cuda(id=0)]]
DEBUG:jax._src.compiler:get_compile_options XLA-AutoFDO profile: using XLA-AutoFDO profile version -1
DEBUG:jax._src.compiler:Persistent compilation cache hit for 'jit_log'
WARNING:jax._src.pjit:TRACING CACHE MISS at /home/antonio/dev/qdots_efficient/qdots_qll/distributions.py:107:34 (normalize_log_weights) because:
  for add defined at /home/antonio/miniconda3/envs/jax_qdots/lib/python3.12/site-packages/jax/_src/dispatch.py:93
  never seen input type signature:
    args[0]: f32[],  args[1]: f32[]
  closest seen input type signature has 2 mismatches, including:
    * at args[0], seen i32[4,4], but now given f32[]
    * at args[1], seen i32[], but now given f32[]
DEBUG:jax._src.compiler:get_compile_options: num_replicas=1 num_partitions=1 device_assignment=[[cuda(id=0)]]
DEBUG:jax._src.compiler:get_compile_options XLA-AutoFDO profile: using XLA-AutoFDO profile version -1
DEBUG:jax._src.compiler:Persistent compilation cache hit for 'jit_add'
DEBUG:jax._src.compiler:get_compile_options: num_replicas=1 num_partitions=1 device_assignment=[[cuda(id=0)]]
DEBUG:jax._src.compiler:get_compile_options XLA-AutoFDO profile: using XLA-AutoFDO profile version -1
DEBUG:jax._src.compiler:Persistent compilation cache hit for 'jit_subtract'
WARNING:jax._src.pjit:TRACING CACHE MISS at /home/antonio/dev/qdots_efficient/qdots_qll/utils/utils.py:5:12 (ensure_array) because:
  never seen function:
    convert_element_type id=140166225753760 defined at /home/antonio/miniconda3/envs/jax_qdots/lib/python3.12/site-packages/jax/_src/dispatch.py:93
DEBUG:jax._src.compiler:get_compile_options: num_replicas=1 num_partitions=1 device_assignment=[[cuda(id=0)]]
DEBUG:jax._src.compiler:get_compile_options XLA-AutoFDO profile: using XLA-AutoFDO profile version -1
DEBUG:jax._src.compiler:Persistent compilation cache hit for 'jit_convert_element_type'
WARNING:jax._src.pjit:TRACING CACHE MISS at /home/antonio/dev/qdots_efficient/qdots_qll/utils/utils.py:7:15 (ensure_array) because:
  for convert_element_type defined at /home/antonio/miniconda3/envs/jax_qdots/lib/python3.12/site-packages/jax/_src/dispatch.py:93
  never seen input type signature:
    args[0]: i32[]
  closest seen input type signature has 1 mismatches, including:
    * at args[0], seen i32[2,2], but now given i32[]
DEBUG:jax._src.compiler:get_compile_options: num_replicas=1 num_partitions=1 device_assignment=[[cuda(id=0)]]
DEBUG:jax._src.compiler:get_compile_options XLA-AutoFDO profile: using XLA-AutoFDO profile version -1
DEBUG:jax._src.compiler:Persistent compilation cache hit for 'jit_convert_element_type'
WARNING:jax._src.pjit:TRACING CACHE MISS at /home/antonio/dev/qdots_efficient/qdots_qll/models/single_dot_weak_coupling_GAME.py:130:20 (ExperimentSingleDotWeakCouplingGAME.__init__) because:
  for convert_element_type defined at /home/antonio/miniconda3/envs/jax_qdots/lib/python3.12/site-packages/jax/_src/dispatch.py:93
  never seen input type signature:
    args[0]: i32[1]
  closest seen input type signature has 1 mismatches, including:
    * at args[0], seen f32[4], but now given i32[1]
DEBUG:jax._src.compiler:get_compile_options: num_replicas=1 num_partitions=1 device_assignment=[[cuda(id=0)]]
DEBUG:jax._src.compiler:get_compile_options XLA-AutoFDO profile: using XLA-AutoFDO profile version -1
DEBUG:jax._src.compiler:Persistent compilation cache hit for 'jit_convert_element_type'
WARNING:jax._src.dispatch:Finished tracing + transforming subtract for pjit in 0.0007679462432861328 sec
WARNING:jax._src.dispatch:Finished tracing + transforming multiply for pjit in 0.0006306171417236328 sec
WARNING:jax._src.dispatch:Finished tracing + transforming add for pjit in 0.0006711483001708984 sec
WARNING:jax._src.dispatch:Finished tracing + transforming _uniform for pjit in 0.0063359737396240234 sec
WARNING:jax._src.pjit:TRACING CACHE MISS at /home/antonio/dev/qdots_efficient/qdots_qll/exp_design.py:363:15 (RandExpDesignGAME.generate_experiment) because:
  for _uniform defined at /home/antonio/miniconda3/envs/jax_qdots/lib/python3.12/site-packages/jax/_src/random.py:400
  never seen input type signature:
    key: key<fry>[],  minval: f32[],  maxval: f32[]
  closest seen input type signature has 2 mismatches, including:
    * at minval, seen f32[4], but now given f32[]
    * at maxval, seen f32[4], but now given f32[]
WARNING:jax._src.dispatch:Finished tracing + transforming maximum for pjit in 0.0006597042083740234 sec
WARNING:jax._src.dispatch:Finished tracing + transforming minimum for pjit in 0.0007662773132324219 sec
WARNING:jax._src.dispatch:Finished tracing + transforming clip for pjit in 0.0030012130737304688 sec
WARNING:jax._src.pjit:TRACING CACHE MISS at /home/antonio/dev/qdots_efficient/qdots_qll/exp_design.py:367:31 (RandExpDesignGAME.generate_experiment) because:
  for clip defined at /home/antonio/miniconda3/envs/jax_qdots/lib/python3.12/site-packages/jax/_src/numpy/lax_numpy.py:1550
  never seen input type signature:
    x: i32[],  min: i32[],  max: i32[]
  closest seen input type signature has 3 mismatches, including:
    * at x, seen f32[500,4], but now given i32[]
    * at min, seen f32[4], but now given i32[]
    * at max, seen f32[4], but now given i32[]
WARNING:jax._src.dispatch:Finished tracing + transforming maximum for pjit in 0.0005908012390136719 sec
WARNING:jax._src.dispatch:Finished tracing + transforming minimum for pjit in 0.0008823871612548828 sec
WARNING:jax._src.dispatch:Finished tracing + transforming clip for pjit in 0.0030193328857421875 sec
WARNING:jax._src.pjit:TRACING CACHE MISS at /home/antonio/dev/qdots_efficient/qdots_qll/exp_design.py:367:31 (RandExpDesignGAME.generate_experiment) because:
  for clip defined at /home/antonio/miniconda3/envs/jax_qdots/lib/python3.12/site-packages/jax/_src/numpy/lax_numpy.py:1550
  never seen input type signature:
    x: i32[],  min: i32[],  max: i32[]
  closest seen input type signature has 3 mismatches, including:
    * at x, seen f32[500,4], but now given i32[]
    * at min, seen f32[4], but now given i32[]
    * at max, seen f32[4], but now given i32[]
WARNING:jax._src.dispatch:Finished tracing + transforming subtract for pjit in 0.0005893707275390625 sec
WARNING:jax._src.dispatch:Finished tracing + transforming less_equal for pjit in 0.0005991458892822266 sec
WARNING:jax._src.dispatch:Finished tracing + transforming greater for pjit in 0.0006873607635498047 sec
WARNING:jax._src.dispatch:Finished tracing + transforming bitwise_and for pjit in 0.0006511211395263672 sec
WARNING:jax._src.dispatch:Finished tracing + transforming _randint for pjit in 0.018948078155517578 sec
WARNING:jax._src.pjit:TRACING CACHE MISS at /home/antonio/dev/qdots_efficient/qdots_qll/exp_design.py:367:31 (RandExpDesignGAME.generate_experiment) because:
  never seen function:
    _randint id=140168901865568 defined at /home/antonio/miniconda3/envs/jax_qdots/lib/python3.12/site-packages/jax/_src/random.py:465
WARNING:jax._src.dispatch:Finished tracing + transforming less for pjit in 0.000675201416015625 sec
WARNING:jax._src.dispatch:Finished tracing + transforming add for pjit in 0.0006525516510009766 sec
WARNING:jax._src.dispatch:Finished tracing + transforming _broadcast_arrays for pjit in 0.0004787445068359375 sec
WARNING:jax._src.dispatch:Finished tracing + transforming _where for pjit in 0.0015645027160644531 sec
WARNING:jax._src.pjit:TRACING CACHE MISS at /home/antonio/dev/qdots_efficient/qdots_qll/exp_design.py:367:31 (RandExpDesignGAME.generate_experiment) because:
  never seen function:
    _where id=140168909325472 defined at /home/antonio/miniconda3/envs/jax_qdots/lib/python3.12/site-packages/jax/_src/numpy/util.py:441
  but seen another function defined on the same line; maybe the function is
  being re-defined repeatedly, preventing caching?
WARNING:jax._src.dispatch:Finished tracing + transforming _take for pjit in 0.0062787532806396484 sec
WARNING:jax._src.pjit:TRACING CACHE MISS at /home/antonio/dev/qdots_efficient/qdots_qll/exp_design.py:367:31 (RandExpDesignGAME.generate_experiment) because:
  never seen function:
    _take id=140168905490976 defined at /home/antonio/miniconda3/envs/jax_qdots/lib/python3.12/site-packages/jax/_src/numpy/lax_numpy.py:5310
  but seen another function defined on the same line; maybe the function is
  being re-defined repeatedly, preventing caching?
WARNING:jax._src.dispatch:Finished tracing + transforming _take for pjit in 0.002485036849975586 sec
WARNING:jax._src.pjit:TRACING CACHE MISS at /home/antonio/dev/qdots_efficient/qdots_qll/exp_design.py:372:35 (RandExpDesignGAME.generate_experiment) because:
  for _take defined at /home/antonio/miniconda3/envs/jax_qdots/lib/python3.12/site-packages/jax/_src/numpy/lax_numpy.py:5310
  never seen input type signature:
    a: i32[3],  indices: i32[]
  closest seen input type signature has 1 mismatches, including:
    * at a, seen i32[4], but now given i32[3]
WARNING:jax._src.dispatch:Finished tracing + transforming _squeeze for pjit in 0.00044989585876464844 sec
WARNING:jax._src.dispatch:Finished tracing + transforming _squeeze for pjit in 0.0003838539123535156 sec
WARNING:jax._src.dispatch:Finished tracing + transforming negative for pjit in 0.0006940364837646484 sec
WARNING:jax._src.dispatch:Finished tracing + transforming multiply for pjit in 0.0007216930389404297 sec
WARNING:jax._src.dispatch:Finished tracing + transforming multiply for pjit in 0.0008165836334228516 sec
WARNING:jax._src.dispatch:Finished tracing + transforming add for pjit in 0.0008161067962646484 sec
WARNING:jax._src.dispatch:Finished tracing + transforming multiply for pjit in 0.0013611316680908203 sec
WARNING:jax._src.dispatch:Finished tracing + transforming add for pjit in 0.0008838176727294922 sec
WARNING:jax._src.dispatch:Finished tracing + transforming real for pjit in 0.0006639957427978516 sec
WARNING:jax._src.dispatch:Finished tracing + transforming sqrt for pjit in 0.00048732757568359375 sec
WARNING:jax._src.dispatch:Finished tracing + transforming multiply for pjit in 0.0007703304290771484 sec
WARNING:jax._src.dispatch:Finished tracing + transforming conjugate for pjit in 0.0004787445068359375 sec
WARNING:jax._src.dispatch:Finished tracing + transforming matmul for pjit in 0.0013492107391357422 sec
WARNING:jax._src.dispatch:Finished tracing + transforming matmul for pjit in 0.0011889934539794922 sec
WARNING:jax._src.dispatch:Finished tracing + transforming subtract for pjit in 0.0006430149078369141 sec
WARNING:jax._src.dispatch:Finished tracing + transforming multiply for pjit in 0.0007886886596679688 sec
WARNING:jax._src.dispatch:Finished tracing + transforming add for pjit in 0.0011754035949707031 sec
WARNING:jax._src.dispatch:Finished tracing + transforming kron for pjit in 0.0018665790557861328 sec
WARNING:jax._src.pjit:TRACING CACHE MISS at /home/antonio/dev/qdots_efficient/qdots_qll/models/models_scratch_for_drafting.py:49:15 (BaseClassDimension.sprepost) because:
  never seen function:
    kron id=140168907471136 defined at /home/antonio/miniconda3/envs/jax_qdots/lib/python3.12/site-packages/jax/_src/numpy/lax_numpy.py:4792
WARNING:jax._src.dispatch:Finished tracing + transforming sprepost for pjit in 0.0034987926483154297 sec
WARNING:jax._src.pjit:TRACING CACHE MISS at /home/antonio/dev/qdots_efficient/qdots_qll/models/models_scratch_for_drafting.py:54:15 (BaseClassDimension.spre) because:
  never seen function:
    BaseClassDimension.sprepost id=140168275219200 defined at /home/antonio/dev/qdots_efficient/qdots_qll/models/models_scratch_for_drafting.py:45
WARNING:jax._src.dispatch:Finished tracing + transforming spre for pjit in 0.005889177322387695 sec
WARNING:jax._src.pjit:TRACING CACHE MISS at /home/antonio/dev/qdots_efficient/qdots_qll/models/single_dot_weak_coupling_GAME.py:234:19 (SingleDotWeakCouplingGAME.make_bloch_matrix) because:
  never seen function:
    BaseClassDimension.spre id=140168275220320 defined at /home/antonio/dev/qdots_efficient/qdots_qll/models/models_scratch_for_drafting.py:51
WARNING:jax._src.dispatch:Finished tracing + transforming kron for pjit in 0.0017480850219726562 sec
WARNING:jax._src.pjit:TRACING CACHE MISS at /home/antonio/dev/qdots_efficient/qdots_qll/models/models_scratch_for_drafting.py:49:15 (BaseClassDimension.sprepost) because:
  for kron defined at /home/antonio/miniconda3/envs/jax_qdots/lib/python3.12/site-packages/jax/_src/numpy/lax_numpy.py:4792
  never seen input type signature:
    a: f32[2,2],  b: c64[2,2]
  closest seen input type signature has 2 mismatches, including:
    * at a, seen c64[2,2], but now given f32[2,2]
    * at b, seen f32[2,2], but now given c64[2,2]
WARNING:jax._src.dispatch:Finished tracing + transforming sprepost for pjit in 0.0033278465270996094 sec
WARNING:jax._src.pjit:TRACING CACHE MISS at /home/antonio/dev/qdots_efficient/qdots_qll/models/models_scratch_for_drafting.py:60:15 (BaseClassDimension.spost) because:
  for BaseClassDimension.sprepost defined at /home/antonio/dev/qdots_efficient/qdots_qll/models/models_scratch_for_drafting.py:45
  never seen input type signature
  closest seen input type signature has 2 mismatches, including:
    * at A, seen c64[2,2], but now given f32[2,2]
    * at B, seen f32[2,2], but now given c64[2,2]
WARNING:jax._src.dispatch:Finished tracing + transforming spost for pjit in 0.006020545959472656 sec
WARNING:jax._src.pjit:TRACING CACHE MISS at /home/antonio/dev/qdots_efficient/qdots_qll/models/single_dot_weak_coupling_GAME.py:234:39 (SingleDotWeakCouplingGAME.make_bloch_matrix) because:
  never seen function:
    BaseClassDimension.spost id=140168275221440 defined at /home/antonio/dev/qdots_efficient/qdots_qll/models/models_scratch_for_drafting.py:56
WARNING:jax._src.dispatch:Finished tracing + transforming subtract for pjit in 0.0006163120269775391 sec
WARNING:jax._src.dispatch:Finished tracing + transforming multiply for pjit in 0.0007343292236328125 sec
WARNING:jax._src.dispatch:Finished tracing + transforming kron for pjit in 0.0012080669403076172 sec
WARNING:jax._src.pjit:TRACING CACHE MISS at /home/antonio/dev/qdots_efficient/qdots_qll/models/models_scratch_for_drafting.py:49:15 (BaseClassDimension.sprepost) because:
  for kron defined at /home/antonio/miniconda3/envs/jax_qdots/lib/python3.12/site-packages/jax/_src/numpy/lax_numpy.py:4792
  never seen input type signature:
    a: c64[2,2],  b: c64[2,2]
  closest seen input type signature has 1 mismatches, including:
    * at b, seen f32[2,2], but now given c64[2,2]
WARNING:jax._src.dispatch:Finished tracing + transforming sprepost for pjit in 0.0027549266815185547 sec
WARNING:jax._src.pjit:TRACING CACHE MISS at /home/antonio/dev/qdots_efficient/qdots_qll/models/single_dot_weak_coupling_GAME.py:235:14 (SingleDotWeakCouplingGAME.make_bloch_matrix) because:
  for BaseClassDimension.sprepost defined at /home/antonio/dev/qdots_efficient/qdots_qll/models/models_scratch_for_drafting.py:45
  never seen input type signature
  closest seen input type signature has 1 mismatches, including:
    * at B, seen f32[2,2], but now given c64[2,2]
WARNING:jax._src.dispatch:Finished tracing + transforming add for pjit in 0.0006201267242431641 sec
WARNING:jax._src.dispatch:Finished tracing + transforming matmul for pjit in 0.0010330677032470703 sec
WARNING:jax._src.dispatch:Finished tracing + transforming multiply for pjit in 0.0008406639099121094 sec
WARNING:jax._src.dispatch:Finished tracing + transforming conjugate for pjit in 0.0004477500915527344 sec
WARNING:jax._src.dispatch:Finished tracing + transforming _einsum for pjit in 0.0016324520111083984 sec
WARNING:jax._src.dispatch:Finished tracing + transforming matmul for pjit in 0.0010793209075927734 sec
WARNING:jax._src.dispatch:Finished tracing + transforming multiply for pjit in 0.0007073879241943359 sec
WARNING:jax._src.dispatch:Finished tracing + transforming absolute for pjit in 0.0004229545593261719 sec
WARNING:jax._src.dispatch:Finished tracing + transforming _reduce_sum for pjit in 0.0007140636444091797 sec
WARNING:jax._src.dispatch:Finished tracing + transforming _reduce_max for pjit in 0.000762939453125 sec
WARNING:jax._src.dispatch:Finished tracing + transforming norm for pjit in 0.004141330718994141 sec
WARNING:jax._src.pjit:TRACING CACHE MISS at /home/antonio/dev/qdots_efficient/qdots_qll/models/single_dot_weak_coupling_GAME.py:275:16 (SingleDotWeakCouplingGAME.likelihood_particle) because:
  never seen function:
    norm id=140168905952448 defined at /home/antonio/miniconda3/envs/jax_qdots/lib/python3.12/site-packages/jax/_src/numpy/linalg.py:1020
WARNING:jax._src.dispatch:Finished tracing + transforming true_divide for pjit in 0.0007641315460205078 sec
WARNING:jax._src.dispatch:Finished tracing + transforming log2 for pjit in 0.0008893013000488281 sec
WARNING:jax._src.dispatch:Finished tracing + transforming floor for pjit in 0.00044417381286621094 sec
WARNING:jax._src.dispatch:Finished tracing + transforming maximum for pjit in 0.0008246898651123047 sec
WARNING:jax._src.dispatch:Finished tracing + transforming _power for pjit in 0.0010368824005126953 sec
WARNING:jax._src.dispatch:Finished tracing + transforming true_divide for pjit in 0.0006327629089355469 sec
WARNING:jax._src.dispatch:Finished tracing + transforming greater_equal for pjit in 0.0006129741668701172 sec
WARNING:jax._src.dispatch:Finished tracing + transforming _squeeze for pjit in 0.0003592967987060547 sec
WARNING:jax._src.dispatch:Finished tracing + transforming add for pjit in 0.0006701946258544922 sec
WARNING:jax._src.dispatch:Finished tracing + transforming not_equal for pjit in 0.0005609989166259766 sec
WARNING:jax._src.dispatch:Finished tracing + transforming not_equal for pjit in 0.0007512569427490234 sec
WARNING:jax._src.dispatch:Finished tracing + transforming op for pjit in 0.0006031990051269531 sec
WARNING:jax._src.dispatch:Finished tracing + transforming subtract for pjit in 0.0007073879241943359 sec
WARNING:jax._src.dispatch:Finished tracing + transforming floor_divide for pjit in 0.0063517093658447266 sec
WARNING:jax._src.pjit:TRACING CACHE MISS at /home/antonio/dev/qdots_efficient/qdots_qll/models/single_dot_weak_coupling_GAME.py:275:16 (SingleDotWeakCouplingGAME.likelihood_particle) because:
  never seen function:
    floor_divide id=140168907608512 defined at /home/antonio/miniconda3/envs/jax_qdots/lib/python3.12/site-packages/jax/_src/numpy/ufuncs.py:283
  but seen another function defined on the same line; maybe the function is
  being re-defined repeatedly, preventing caching?
WARNING:jax._src.dispatch:Finished tracing + transforming searchsorted for pjit in 0.01641845703125 sec
WARNING:jax._src.pjit:TRACING CACHE MISS at /home/antonio/dev/qdots_efficient/qdots_qll/models/single_dot_weak_coupling_GAME.py:275:16 (SingleDotWeakCouplingGAME.likelihood_particle) because:
  never seen function:
    searchsorted id=140168905575456 defined at /home/antonio/miniconda3/envs/jax_qdots/lib/python3.12/site-packages/jax/_src/numpy/lax_numpy.py:6493
  but seen another function defined on the same line; maybe the function is
  being re-defined repeatedly, preventing caching?
WARNING:jax._src.dispatch:Finished tracing + transforming subtract for pjit in 0.0006527900695800781 sec
WARNING:jax._src.dispatch:Finished tracing + transforming digitize for pjit in 0.02362656593322754 sec
WARNING:jax._src.pjit:TRACING CACHE MISS at /home/antonio/dev/qdots_efficient/qdots_qll/models/single_dot_weak_coupling_GAME.py:275:16 (SingleDotWeakCouplingGAME.likelihood_particle) because:
  never seen function:
    digitize id=140168905576736 defined at /home/antonio/miniconda3/envs/jax_qdots/lib/python3.12/site-packages/jax/_src/numpy/lax_numpy.py:6529
  but seen another function defined on the same line; maybe the function is
  being re-defined repeatedly, preventing caching?
WARNING:jax._src.dispatch:Finished tracing + transforming dot for pjit in 0.0013270378112792969 sec
WARNING:jax._src.dispatch:Finished tracing + transforming negative for pjit in 0.0004093647003173828 sec
WARNING:jax._src.dispatch:Finished tracing + transforming _calc_P_Q for pjit in 0.06469225883483887 sec
WARNING:jax._src.pjit:TRACING CACHE MISS at /home/antonio/dev/qdots_efficient/qdots_qll/models/single_dot_weak_coupling_GAME.py:275:16 (SingleDotWeakCouplingGAME.likelihood_particle) because:
  never seen function:
    _calc_P_Q id=140168310861600 defined at /home/antonio/miniconda3/envs/jax_qdots/lib/python3.12/site-packages/jax/_src/scipy/linalg.py:1166
  but seen another function defined on the same line; maybe the function is
  being re-defined repeatedly, preventing caching?
WARNING:jax._src.dispatch:Finished tracing + transforming greater for pjit in 0.0006957054138183594 sec
WARNING:jax._src.dispatch:Finished tracing + transforming _squeeze for pjit in 0.00027871131896972656 sec
WARNING:jax._src.dispatch:Finished tracing + transforming _squeeze for pjit in 0.00049591064453125 sec
WARNING:jax._src.dispatch:Finished tracing + transforming _squeeze for pjit in 0.0002884864807128906 sec
WARNING:jax._src.dispatch:Finished tracing + transforming _squeeze for pjit in 0.00031495094299316406 sec
WARNING:jax._src.dispatch:Finished tracing + transforming less for pjit in 0.0007674694061279297 sec
WARNING:jax._src.dispatch:Finished tracing + transforming _broadcast_arrays for pjit in 0.00044417381286621094 sec
WARNING:jax._src.dispatch:Finished tracing + transforming _lu_solve for pjit in 0.007888555526733398 sec
WARNING:jax._src.pjit:TRACING CACHE MISS at /home/antonio/dev/qdots_efficient/qdots_qll/models/single_dot_weak_coupling_GAME.py:275:16 (SingleDotWeakCouplingGAME.likelihood_particle) because:
  never seen function:
    _lu_solve id=140168901234976 defined at /home/antonio/miniconda3/envs/jax_qdots/lib/python3.12/site-packages/jax/_src/lax/linalg.py:1384
  but seen another function defined on the same line; maybe the function is
  being re-defined repeatedly, preventing caching?
WARNING:jax._src.dispatch:Finished tracing + transforming argsort for pjit in 0.0008196830749511719 sec
WARNING:jax._src.pjit:TRACING CACHE MISS at /home/antonio/dev/qdots_efficient/qdots_qll/models/single_dot_weak_coupling_GAME.py:275:16 (SingleDotWeakCouplingGAME.likelihood_particle) because:
  never seen function:
    argsort id=140168907532832 defined at /home/antonio/miniconda3/envs/jax_qdots/lib/python3.12/site-packages/jax/_src/numpy/lax_numpy.py:5051
  but seen another function defined on the same line; maybe the function is
  being re-defined repeatedly, preventing caching?
WARNING:jax._src.dispatch:Finished tracing + transforming _lu_solve for pjit in 0.007039070129394531 sec
WARNING:jax._src.pjit:TRACING CACHE MISS at /home/antonio/dev/qdots_efficient/qdots_qll/models/single_dot_weak_coupling_GAME.py:275:16 (SingleDotWeakCouplingGAME.likelihood_particle) because:
  for _lu_solve defined at /home/antonio/miniconda3/envs/jax_qdots/lib/python3.12/site-packages/jax/_src/lax/linalg.py:1384
explanation unavailable! please open an issue at https://github.com/google/jax
WARNING:jax._src.dispatch:Finished tracing + transforming solve for pjit in 0.04250526428222656 sec
WARNING:jax._src.pjit:TRACING CACHE MISS at /home/antonio/dev/qdots_efficient/qdots_qll/models/single_dot_weak_coupling_GAME.py:275:16 (SingleDotWeakCouplingGAME.likelihood_particle) because:
  never seen function:
    solve id=140168905955648 defined at /home/antonio/miniconda3/envs/jax_qdots/lib/python3.12/site-packages/jax/_src/numpy/linalg.py:1268
  but seen another function defined on the same line; maybe the function is
  being re-defined repeatedly, preventing caching?
WARNING:jax._src.dispatch:Finished tracing + transforming less for pjit in 0.0005700588226318359 sec
WARNING:jax._src.dispatch:Finished tracing + transforming _squaring for pjit in 0.004109621047973633 sec
WARNING:jax._src.pjit:TRACING CACHE MISS at /home/antonio/dev/qdots_efficient/qdots_qll/models/single_dot_weak_coupling_GAME.py:275:16 (SingleDotWeakCouplingGAME.likelihood_particle) because:
  never seen function:
    _squaring id=140168310863200 defined at /home/antonio/miniconda3/envs/jax_qdots/lib/python3.12/site-packages/jax/_src/scipy/linalg.py:1206
  but seen another function defined on the same line; maybe the function is
  being re-defined repeatedly, preventing caching?
WARNING:jax._src.dispatch:Finished tracing + transforming expm for pjit in 0.11702704429626465 sec
WARNING:jax._src.pjit:TRACING CACHE MISS at /home/antonio/dev/qdots_efficient/qdots_qll/models/single_dot_weak_coupling_GAME.py:275:16 (SingleDotWeakCouplingGAME.likelihood_particle) because:
  never seen function:
    expm id=140168310860320 defined at /home/antonio/miniconda3/envs/jax_qdots/lib/python3.12/site-packages/jax/_src/scipy/linalg.py:1117
  but seen another function defined on the same line; maybe the function is
  being re-defined repeatedly, preventing caching?
WARNING:jax._src.dispatch:Finished tracing + transforming matmul for pjit in 0.0010602474212646484 sec
WARNING:jax._src.dispatch:Finished tracing + transforming _einsum for pjit in 0.0011687278747558594 sec
WARNING:jax._src.dispatch:Finished tracing + transforming real for pjit in 0.00041365623474121094 sec
WARNING:jax._src.dispatch:Finished tracing + transforming greater_equal for pjit in 0.0008082389831542969 sec
WARNING:jax._src.dispatch:Finished tracing + transforming less_equal for pjit in 0.0007863044738769531 sec
WARNING:jax._src.dispatch:Finished tracing + transforming op for pjit in 0.0009257793426513672 sec
WARNING:jax._src.dispatch:Finished tracing + transforming absolute for pjit in 0.0004246234893798828 sec
WARNING:jax._src.dispatch:Finished tracing + transforming multiply for pjit in 0.0008184909820556641 sec
WARNING:jax._src.dispatch:Finished tracing + transforming _broadcast_arrays for pjit in 0.00035309791564941406 sec
WARNING:jax._src.dispatch:Finished tracing + transforming _where for pjit in 0.0014388561248779297 sec
WARNING:jax._src.pjit:TRACING CACHE MISS at /home/antonio/dev/qdots_efficient/qdots_qll/models/single_dot_weak_coupling_GAME.py:38:40 (<lambda>) because:
  for _where defined at /home/antonio/miniconda3/envs/jax_qdots/lib/python3.12/site-packages/jax/_src/numpy/util.py:441
  never seen input type signature:
    condition: bool[4,3,2],  x: f32[4,3,2],  y: f32[4,3,2]
  closest seen input type signature has 3 mismatches, including:
    * at condition, seen bool[], but now given bool[4,3,2]
    * at x, seen i32[], but now given f32[4,3,2]
    * at y, seen i32[], but now given f32[4,3,2]
WARNING:jax._src.dispatch:Finished tracing + transforming isnan for pjit in 0.00045871734619140625 sec
WARNING:jax._src.dispatch:Finished tracing + transforming invert for pjit in 0.0004010200500488281 sec
WARNING:jax._src.dispatch:Finished tracing + transforming _cumulative_reduction for pjit in 0.0006487369537353516 sec
WARNING:jax._src.pjit:TRACING CACHE MISS at /home/antonio/dev/qdots_efficient/qdots_qll/models/single_dot_weak_coupling_GAME.py:379:15 (SingleDotWeakCouplingGAME.measure_one_experiment) because:
  never seen function:
    _make_cumulative_reduction.<locals>._cumulative_reduction id=140168907053376 defined at /home/antonio/miniconda3/envs/jax_qdots/lib/python3.12/site-packages/jax/_src/numpy/reductions.py:679
WARNING:jax._src.dispatch:Finished tracing + transforming subtract for pjit in 0.0007488727569580078 sec
WARNING:jax._src.dispatch:Finished tracing + transforming searchsorted for pjit in 0.008404970169067383 sec
WARNING:jax._src.pjit:TRACING CACHE MISS at /home/antonio/dev/qdots_efficient/qdots_qll/models/single_dot_weak_coupling_GAME.py:379:15 (SingleDotWeakCouplingGAME.measure_one_experiment) because:
  for searchsorted defined at /home/antonio/miniconda3/envs/jax_qdots/lib/python3.12/site-packages/jax/_src/numpy/lax_numpy.py:6493
explanation unavailable! please open an issue at https://github.com/google/jax
WARNING:jax._src.dispatch:Finished tracing + transforming _take for pjit in 0.0023238658905029297 sec
WARNING:jax._src.pjit:TRACING CACHE MISS at /home/antonio/dev/qdots_efficient/qdots_qll/models/single_dot_weak_coupling_GAME.py:379:15 (SingleDotWeakCouplingGAME.measure_one_experiment) because:
  for _take defined at /home/antonio/miniconda3/envs/jax_qdots/lib/python3.12/site-packages/jax/_src/numpy/lax_numpy.py:5310
  never seen input type signature:
    a: i32[2],  indices: i32[]
  closest seen input type signature has 1 mismatches, including:
    * at a, seen i32[4], but now given i32[2]
WARNING:jax._src.dispatch:Finished tracing + transforming ravel for pjit in 0.00037217140197753906 sec
WARNING:jax._src.dispatch:Finished tracing + transforming append for pjit in 0.0016796588897705078 sec
WARNING:jax._src.pjit:TRACING CACHE MISS at /home/antonio/dev/qdots_efficient/qdots_qll/models/single_dot_weak_coupling_GAME.py:159:23 (ExperimentSingleDotWeakCouplingGAME.append.<locals>.append_if_array) because:
  never seen function:
    append id=140168907459616 defined at /home/antonio/miniconda3/envs/jax_qdots/lib/python3.12/site-packages/jax/_src/numpy/lax_numpy.py:3612
WARNING:jax._src.dispatch:Finished tracing + transforming ravel for pjit in 0.0003528594970703125 sec
WARNING:jax._src.dispatch:Finished tracing + transforming append for pjit in 0.0015347003936767578 sec
WARNING:jax._src.pjit:TRACING CACHE MISS at /home/antonio/dev/qdots_efficient/qdots_qll/models/single_dot_weak_coupling_GAME.py:159:23 (ExperimentSingleDotWeakCouplingGAME.append.<locals>.append_if_array) because:
  for append defined at /home/antonio/miniconda3/envs/jax_qdots/lib/python3.12/site-packages/jax/_src/numpy/lax_numpy.py:3612
  never seen input type signature:
    arr: i32[1],  values: i32[1]
  closest seen input type signature has 2 mismatches, including:
    * at arr, seen f32[1], but now given i32[1]
    * at values, seen f32[1], but now given i32[1]
WARNING:jax._src.dispatch:Finished tracing + transforming less for pjit in 0.0008039474487304688 sec
WARNING:jax._src.dispatch:Finished tracing + transforming _broadcast_arrays for pjit in 0.0002815723419189453 sec
WARNING:jax._src.dispatch:Finished tracing + transforming log for pjit in 0.0004649162292480469 sec
WARNING:jax._src.dispatch:Finished tracing + transforming _squeeze for pjit in 0.0003998279571533203 sec
WARNING:jax._src.dispatch:Finished tracing + transforming _squeeze for pjit in 0.00028777122497558594 sec
WARNING:jax._src.dispatch:Finished tracing + transforming add for pjit in 0.0005590915679931641 sec
WARNING:jax._src.dispatch:Finished tracing + transforming multiply for pjit in 0.001020669937133789 sec
WARNING:jax._src.dispatch:Finished tracing + transforming exp for pjit in 0.00047135353088378906 sec
WARNING:jax._src.dispatch:Finished tracing + transforming _reduce_sum for pjit in 0.0009260177612304688 sec
WARNING:jax._src.dispatch:Finished tracing + transforming true_divide for pjit in 0.000743865966796875 sec
WARNING:jax._src.dispatch:Finished tracing + transforming less_equal for pjit in 0.0007114410400390625 sec
WARNING:jax._src.dispatch:Finished tracing + transforming true_divide for pjit in 0.0009076595306396484 sec
WARNING:jax._src.dispatch:Finished tracing + transforming _cumulative_reduction for pjit in 0.0005106925964355469 sec
WARNING:jax._src.pjit:TRACING CACHE MISS at /home/antonio/dev/qdots_efficient/qdots_qll/resamplers.py:242:19 (MetropolisSampler.multinomial_importance_sampling) because:
  for _make_cumulative_reduction.<locals>._cumulative_reduction defined at /home/antonio/miniconda3/envs/jax_qdots/lib/python3.12/site-packages/jax/_src/numpy/reductions.py:679
  never seen input type signature:
    a: f32[500]
  closest seen input type signature has 1 mismatches, including:
    * at a, seen f32[2], but now given f32[500]
WARNING:jax._src.dispatch:Finished tracing + transforming subtract for pjit in 0.0006017684936523438 sec
WARNING:jax._src.dispatch:Finished tracing + transforming multiply for pjit in 0.0006301403045654297 sec
WARNING:jax._src.dispatch:Finished tracing + transforming add for pjit in 0.0006568431854248047 sec
WARNING:jax._src.dispatch:Finished tracing + transforming _uniform for pjit in 0.006556510925292969 sec
WARNING:jax._src.pjit:TRACING CACHE MISS at /home/antonio/dev/qdots_efficient/qdots_qll/resamplers.py:242:19 (MetropolisSampler.multinomial_importance_sampling) because:
  for _uniform defined at /home/antonio/miniconda3/envs/jax_qdots/lib/python3.12/site-packages/jax/_src/random.py:400
explanation unavailable! please open an issue at https://github.com/google/jax
WARNING:jax._src.dispatch:Finished tracing + transforming subtract for pjit in 0.0007259845733642578 sec
WARNING:jax._src.dispatch:Finished tracing + transforming multiply for pjit in 0.0006823539733886719 sec
WARNING:jax._src.dispatch:Finished tracing + transforming _squeeze for pjit in 0.0003063678741455078 sec
WARNING:jax._src.dispatch:Finished tracing + transforming searchsorted for pjit in 0.021778345108032227 sec
WARNING:jax._src.pjit:TRACING CACHE MISS at /home/antonio/dev/qdots_efficient/qdots_qll/resamplers.py:242:19 (MetropolisSampler.multinomial_importance_sampling) because:
  for searchsorted defined at /home/antonio/miniconda3/envs/jax_qdots/lib/python3.12/site-packages/jax/_src/numpy/lax_numpy.py:6493
  never seen input type signature:
    a: f32[500],  v: f32[500]
  closest seen input type signature has 2 mismatches, including:
    * at a, seen f32[2], but now given f32[500]
    * at v, seen f32[], but now given f32[500]
WARNING:jax._src.dispatch:Finished tracing + transforming less for pjit in 0.0008156299591064453 sec
WARNING:jax._src.dispatch:Finished tracing + transforming add for pjit in 0.0006916522979736328 sec
WARNING:jax._src.dispatch:Finished tracing + transforming _broadcast_arrays for pjit in 0.00042700767517089844 sec
WARNING:jax._src.dispatch:Finished tracing + transforming _where for pjit in 0.0015926361083984375 sec
WARNING:jax._src.pjit:TRACING CACHE MISS at /home/antonio/dev/qdots_efficient/qdots_qll/resamplers.py:242:19 (MetropolisSampler.multinomial_importance_sampling) because:
  for _where defined at /home/antonio/miniconda3/envs/jax_qdots/lib/python3.12/site-packages/jax/_src/numpy/util.py:441
  never seen input type signature:
    condition: bool[500],  x: i32[500],  y: i32[500]
  closest seen input type signature has 3 mismatches, including:
    * at condition, seen bool[], but now given bool[500]
    * at x, seen i32[], but now given i32[500]
    * at y, seen i32[], but now given i32[500]
WARNING:jax._src.dispatch:Finished tracing + transforming _take for pjit in 0.009064197540283203 sec
WARNING:jax._src.pjit:TRACING CACHE MISS at /home/antonio/dev/qdots_efficient/qdots_qll/resamplers.py:242:19 (MetropolisSampler.multinomial_importance_sampling) because:
  for _take defined at /home/antonio/miniconda3/envs/jax_qdots/lib/python3.12/site-packages/jax/_src/numpy/lax_numpy.py:5310
  never seen input type signature:
    a: f32[500,4],  indices: i32[500]
  closest seen input type signature has 2 mismatches, including:
    * at a, seen i32[4], but now given f32[500,4]
    * at indices, seen i32[], but now given i32[500]
WARNING:jax._src.dispatch:Finished tracing + transforming _einsum for pjit in 0.0021567344665527344 sec
WARNING:jax._src.dispatch:Finished tracing + transforming _einsum for pjit in 0.0031523704528808594 sec
WARNING:jax._src.dispatch:Finished tracing + transforming subtract for pjit in 0.0006165504455566406 sec
WARNING:jax._src.dispatch:Finished tracing + transforming _moveaxis for pjit in 0.0005295276641845703 sec
WARNING:jax._src.dispatch:Finished tracing + transforming _broadcast_arrays for pjit in 0.0003421306610107422 sec
WARNING:jax._src.dispatch:Finished tracing + transforming diagonal for pjit in 0.0060617923736572266 sec
WARNING:jax._src.pjit:TRACING CACHE MISS at /home/antonio/dev/qdots_efficient/qdots_qll/resamplers.py:254:14 (MetropolisSampler.generate_proposals) because:
  never seen function:
    diagonal id=140168907456576 defined at /home/antonio/miniconda3/envs/jax_qdots/lib/python3.12/site-packages/jax/_src/numpy/lax_numpy.py:3529
WARNING:jax._src.dispatch:Finished tracing + transforming _diag for pjit in 0.007089138031005859 sec
WARNING:jax._src.pjit:TRACING CACHE MISS at /home/antonio/dev/qdots_efficient/qdots_qll/resamplers.py:254:14 (MetropolisSampler.generate_proposals) because:
  never seen function:
    _diag id=140168907422464 defined at /home/antonio/miniconda3/envs/jax_qdots/lib/python3.12/site-packages/jax/_src/numpy/lax_numpy.py:3552
  but seen another function defined on the same line; maybe the function is
  being re-defined repeatedly, preventing caching?
WARNING:jax._src.dispatch:Finished tracing + transforming sqrt for pjit in 0.0005786418914794922 sec
WARNING:jax._src.dispatch:Finished tracing + transforming multiply for pjit in 0.0007259845733642578 sec
WARNING:jax._src.dispatch:Finished tracing + transforming subtract for pjit in 0.0011374950408935547 sec
WARNING:jax._src.dispatch:Finished tracing + transforming true_divide for pjit in 0.0009601116180419922 sec
WARNING:jax._src.dispatch:Finished tracing + transforming true_divide for pjit in 0.0008716583251953125 sec
WARNING:jax._src.dispatch:Finished tracing + transforming subtract for pjit in 0.0006821155548095703 sec
WARNING:jax._src.dispatch:Finished tracing + transforming subtract for pjit in 0.0007977485656738281 sec
WARNING:jax._src.dispatch:Finished tracing + transforming multiply for pjit in 0.0007538795471191406 sec
WARNING:jax._src.dispatch:Finished tracing + transforming add for pjit in 0.0006334781646728516 sec
WARNING:jax._src.dispatch:Finished tracing + transforming _uniform for pjit in 0.006539344787597656 sec
WARNING:jax._src.pjit:TRACING CACHE MISS at /home/antonio/dev/qdots_efficient/qdots_qll/resamplers.py:260:10 (MetropolisSampler.generate_proposals) because:
  for _uniform defined at /home/antonio/miniconda3/envs/jax_qdots/lib/python3.12/site-packages/jax/_src/random.py:400
  never seen input type signature:
    key: key<fry>[],  minval: f32[500,4],  maxval: f32[500,4]
  closest seen input type signature has 2 mismatches, including:
    * at minval, seen f32[4], but now given f32[500,4]
    * at maxval, seen f32[4], but now given f32[500,4]
WARNING:jax._src.dispatch:Finished tracing + transforming multiply for pjit in 0.0005922317504882812 sec
WARNING:jax._src.dispatch:Finished tracing + transforming maximum for pjit in 0.0009458065032958984 sec
WARNING:jax._src.dispatch:Finished tracing + transforming minimum for pjit in 0.0014195442199707031 sec
WARNING:jax._src.dispatch:Finished tracing + transforming clip for pjit in 0.0038938522338867188 sec
WARNING:jax._src.pjit:TRACING CACHE MISS at /home/antonio/dev/qdots_efficient/qdots_qll/resamplers.py:260:10 (MetropolisSampler.generate_proposals) because:
  for clip defined at /home/antonio/miniconda3/envs/jax_qdots/lib/python3.12/site-packages/jax/_src/numpy/lax_numpy.py:1550
  never seen input type signature:
    x: f32[1,500,4],  min: f32[500,4],  max: f32[500,4]
  closest seen input type signature has 3 mismatches, including:
    * at x, seen f32[500,4], but now given f32[1,500,4]
    * at min, seen f32[4], but now given f32[500,4]
    * at max, seen f32[4], but now given f32[500,4]
WARNING:jax._src.dispatch:Finished tracing + transforming _truncated_normal for pjit in 0.017060518264770508 sec
WARNING:jax._src.pjit:TRACING CACHE MISS at /home/antonio/dev/qdots_efficient/qdots_qll/resamplers.py:260:10 (MetropolisSampler.generate_proposals) because:
  for _truncated_normal defined at /home/antonio/miniconda3/envs/jax_qdots/lib/python3.12/site-packages/jax/_src/random.py:860
  never seen input type signature:
    key: key<fry>[],  lower: f32[500,4],  upper: f32[500,4]
  closest seen input type signature has 2 mismatches, including:
    * at lower, seen f32[4], but now given f32[500,4]
    * at upper, seen f32[4], but now given f32[500,4]
WARNING:jax._src.dispatch:Finished tracing + transforming multiply for pjit in 0.0010876655578613281 sec
WARNING:jax._src.dispatch:Finished tracing + transforming add for pjit in 0.0010039806365966797 sec
WARNING:jax._src.dispatch:Finished tracing + transforming log for pjit in 0.0004513263702392578 sec
WARNING:jax._src.dispatch:Finished tracing + transforming _squeeze for pjit in 0.00035762786865234375 sec
WARNING:jax._src.dispatch:Finished tracing + transforming _squeeze for pjit in 0.0004849433898925781 sec
WARNING:jax._src.dispatch:Finished tracing + transforming add for pjit in 0.0011560916900634766 sec
WARNING:jax._src.dispatch:Finished tracing + transforming _reduce_max for pjit in 0.0007424354553222656 sec
WARNING:jax._src.dispatch:Finished tracing + transforming subtract for pjit in 0.0007395744323730469 sec
WARNING:jax._src.dispatch:Finished tracing + transforming less for pjit in 0.0006992816925048828 sec
WARNING:jax._src.dispatch:Finished tracing + transforming _broadcast_arrays for pjit in 0.0014202594757080078 sec
WARNING:jax._src.dispatch:Finished tracing + transforming _where for pjit in 0.0028121471405029297 sec
WARNING:jax._src.pjit:TRACING CACHE MISS at /home/antonio/dev/qdots_efficient/qdots_qll/resamplers.py:230:24 (MetropolisSampler.resample) because:
  for _where defined at /home/antonio/miniconda3/envs/jax_qdots/lib/python3.12/site-packages/jax/_src/numpy/util.py:441
  never seen input type signature:
    condition: bool[500,1],  x: f32[500,4],  y: f32[500,4]
  closest seen input type signature has 3 mismatches, including:
    * at condition, seen bool[], but now given bool[500,1]
    * at x, seen i32[], but now given f32[500,4]
    * at y, seen i32[], but now given f32[500,4]
WARNING:jax._src.dispatch:Finished tracing + transforming resample for pjit in 0.6134040355682373 sec
WARNING:jax._src.pjit:TRACING CACHE MISS at /home/antonio/dev/qdots_efficient/qdots_qll/smc.py:751:29 (_aux_fun_resample) because:
  never seen function:
    MetropolisSampler.resample id=140168273205568 defined at /home/antonio/dev/qdots_efficient/qdots_qll/resamplers.py:211
WARNING:jax._src.dispatch:Finished tracing + transforming step for pjit in 1.1112713813781738 sec
WARNING:jax._src.pjit:TRACING CACHE MISS at /home/antonio/dev/qdots_efficient/profiling/step_abstraction.py:113:22 (<module>) because:
  never seen function:
    SMCUpdater.step id=140168064418496 defined at /home/antonio/dev/qdots_efficient/qdots_qll/smc.py:684
WARNING:jax._src.interpreters.pxla:Compiling step for with global shapes and types [ShapedArray(float32[], weak_type=True), ShapedArray(float32[4]), ShapedArray(float32[4,4]), ShapedArray(float32[3,2,4]), ShapedArray(float32[2,2], weak_type=True), ShapedArray(float32[2,2], weak_type=True), ShapedArray(float32[2,2], weak_type=True), ShapedArray(complex64[4,4]), ShapedArray(complex64[4,4]), ShapedArray(int32[], weak_type=True), ShapedArray(float32[4,2]), ShapedArray(float32[], weak_type=True), ShapedArray(float32[4,4]), ShapedArray(float32[3,2,4]), ShapedArray(float32[2,2], weak_type=True), ShapedArray(float32[2,2], weak_type=True), ShapedArray(float32[2,2], weak_type=True), ShapedArray(complex64[4,4]), ShapedArray(complex64[4,4]), ShapedArray(float32[1]), ShapedArray(int32[1]), ShapedArray(int32[1]), ShapedArray(int32[1]), ShapedArray(float32[500,4]), ShapedArray(float32[500]), ShapedArray(key<fry>[])]. Argument mapping: [UnspecifiedValue, UnspecifiedValue, UnspecifiedValue, UnspecifiedValue, UnspecifiedValue, UnspecifiedValue, UnspecifiedValue, UnspecifiedValue, UnspecifiedValue, UnspecifiedValue, UnspecifiedValue, UnspecifiedValue, UnspecifiedValue, UnspecifiedValue, UnspecifiedValue, UnspecifiedValue, UnspecifiedValue, UnspecifiedValue, UnspecifiedValue, UnspecifiedValue, UnspecifiedValue, UnspecifiedValue, UnspecifiedValue, UnspecifiedValue, UnspecifiedValue, UnspecifiedValue].
WARNING:jax._src.dispatch:Finished tracing + transforming ravel for pjit in 0.00036978721618652344 sec
WARNING:jax._src.dispatch:Finished tracing + transforming threefry_2x32 for pjit in 0.003359079360961914 sec
WARNING:jax._src.dispatch:Finished tracing + transforming _threefry_random_bits_original for pjit in 0.005911827087402344 sec
WARNING:jax._src.dispatch:Finished tracing + transforming add for pjit in 0.0011920928955078125 sec
WARNING:jax._src.dispatch:Finished tracing + transforming add for pjit in 0.0013854503631591797 sec
WARNING:jax._src.dispatch:Finished tracing + transforming bitwise_or for pjit in 0.0008752346038818359 sec
WARNING:jax._src.dispatch:Finished tracing + transforming bitwise_xor for pjit in 0.0012271404266357422 sec
WARNING:jax._src.dispatch:Finished tracing + transforming subtract for pjit in 0.000732421875 sec
WARNING:jax._src.dispatch:Finished tracing + transforming negative for pjit in 0.0004107952117919922 sec
WARNING:jax._src.dispatch:Finished tracing + transforming negative for pjit in 0.0004968643188476562 sec
WARNING:jax._src.dispatch:Finished tracing + transforming less for pjit in 0.0006225109100341797 sec
WARNING:jax._src.dispatch:Finished tracing + transforming add for pjit in 0.0006761550903320312 sec
WARNING:jax._src.dispatch:Finished tracing + transforming add for pjit in 0.0008232593536376953 sec
WARNING:jax._src.dispatch:Finished tracing + transforming negative for pjit in 0.0005311965942382812 sec
WARNING:jax._src.dispatch:Finished tracing + transforming ravel for pjit in 0.0003330707550048828 sec
WARNING:jax._src.dispatch:Finished tracing + transforming threefry_2x32 for pjit in 0.002526521682739258 sec
WARNING:jax._src.dispatch:Finished tracing + transforming _threefry_random_bits_original for pjit in 0.003890514373779297 sec
WARNING:jax._src.dispatch:Finished tracing + transforming add for pjit in 0.0005702972412109375 sec
WARNING:jax._src.dispatch:Finished tracing + transforming add for pjit in 0.0007681846618652344 sec
WARNING:jax._src.dispatch:Finished tracing + transforming bitwise_or for pjit in 0.0007708072662353516 sec
WARNING:jax._src.dispatch:Finished tracing + transforming bitwise_xor for pjit in 0.0008246898651123047 sec
WARNING:jax._src.dispatch:Finished tracing + transforming _threefry_random_bits_original for pjit in 0.0015704631805419922 sec
WARNING:jax._src.dispatch:Finished jaxpr to MLIR module conversion jit(step) in 1.204019546508789 sec
DEBUG:jax._src.compiler:get_compile_options: num_replicas=1 num_partitions=1 device_assignment=[[cuda(id=0)]]
DEBUG:jax._src.compiler:get_compile_options XLA-AutoFDO profile: using XLA-AutoFDO profile version -1
DEBUG:jax._src.compiler:Persistent compilation cache hit for 'jit_step'
WARNING:jax._src.dispatch:Finished XLA compilation of jit(step) in 0.3116905689239502 sec
WARNING:jax._src.dispatch:Finished tracing + transforming ravel for pjit in 0.0003631114959716797 sec
WARNING:jax._src.dispatch:Finished tracing + transforming append for pjit in 0.0016925334930419922 sec
WARNING:jax._src.pjit:TRACING CACHE MISS at /home/antonio/dev/qdots_efficient/qdots_qll/models/single_dot_weak_coupling_GAME.py:159:23 (ExperimentSingleDotWeakCouplingGAME.append.<locals>.append_if_array) because:
  for append defined at /home/antonio/miniconda3/envs/jax_qdots/lib/python3.12/site-packages/jax/_src/numpy/lax_numpy.py:3612
  never seen input type signature:
    arr: f32[2],  values: f32[1]
  closest seen input type signature has 1 mismatches, including:
    * at arr, seen f32[1], but now given f32[2]
WARNING:jax._src.dispatch:Finished tracing + transforming ravel for pjit in 0.00036406517028808594 sec
WARNING:jax._src.dispatch:Finished tracing + transforming append for pjit in 0.001741647720336914 sec
WARNING:jax._src.pjit:TRACING CACHE MISS at /home/antonio/dev/qdots_efficient/qdots_qll/models/single_dot_weak_coupling_GAME.py:159:23 (ExperimentSingleDotWeakCouplingGAME.append.<locals>.append_if_array) because:
  for append defined at /home/antonio/miniconda3/envs/jax_qdots/lib/python3.12/site-packages/jax/_src/numpy/lax_numpy.py:3612
  never seen input type signature:
    arr: i32[2],  values: i32[1]
  closest seen input type signature has 1 mismatches, including:
    * at arr, seen i32[1], but now given i32[2]
WARNING:jax._src.dispatch:Finished tracing + transforming _reduce_max for pjit in 0.0013098716735839844 sec
WARNING:jax._src.dispatch:Finished tracing + transforming resample for pjit in 0.5006685256958008 sec
WARNING:jax._src.pjit:TRACING CACHE MISS at /home/antonio/dev/qdots_efficient/qdots_qll/smc.py:751:29 (_aux_fun_resample) because:
  for MetropolisSampler.resample defined at /home/antonio/dev/qdots_efficient/qdots_qll/resamplers.py:211
  never seen input type signature
  closest seen input type signature has 4 mismatches, including:
    * at subkey, seen f32[2], but now given f32[3]
    * at distribution.particles_locations, seen i32[2], but now given i32[3]
    * at distribution.log_weights, seen i32[2], but now given i32[3]
    * at data.experiment.time, seen i32[2], but now given i32[3]
WARNING:jax._src.dispatch:Finished tracing + transforming step for pjit in 0.6508498191833496 sec
WARNING:jax._src.pjit:TRACING CACHE MISS at /home/antonio/dev/qdots_efficient/profiling/step_abstraction.py:116:22 (<module>) because:
  for SMCUpdater.step defined at /home/antonio/dev/qdots_efficient/qdots_qll/smc.py:684
  never seen input type signature
  closest seen input type signature has 4 mismatches, including:
    * at iteration, seen f32[1], but now given f32[2]
    * at key, seen i32[1], but now given i32[2]
    * at dist.particles_locations, seen i32[1], but now given i32[2]
    * at dist.log_weights, seen i32[1], but now given i32[2]
WARNING:jax._src.interpreters.pxla:Compiling step for with global shapes and types [ShapedArray(float32[], weak_type=True), ShapedArray(float32[4]), ShapedArray(float32[4,4]), ShapedArray(float32[3,2,4]), ShapedArray(float32[2,2], weak_type=True), ShapedArray(float32[2,2], weak_type=True), ShapedArray(float32[2,2], weak_type=True), ShapedArray(complex64[4,4]), ShapedArray(complex64[4,4]), ShapedArray(int32[], weak_type=True), ShapedArray(float32[4,2]), ShapedArray(float32[], weak_type=True), ShapedArray(float32[4,4]), ShapedArray(float32[3,2,4]), ShapedArray(float32[2,2], weak_type=True), ShapedArray(float32[2,2], weak_type=True), ShapedArray(float32[2,2], weak_type=True), ShapedArray(complex64[4,4]), ShapedArray(complex64[4,4]), ShapedArray(float32[2]), ShapedArray(int32[2]), ShapedArray(int32[2]), ShapedArray(int32[2]), ShapedArray(float32[500,4]), ShapedArray(float32[500]), ShapedArray(key<fry>[])]. Argument mapping: [UnspecifiedValue, UnspecifiedValue, UnspecifiedValue, UnspecifiedValue, UnspecifiedValue, UnspecifiedValue, UnspecifiedValue, UnspecifiedValue, UnspecifiedValue, UnspecifiedValue, UnspecifiedValue, UnspecifiedValue, UnspecifiedValue, UnspecifiedValue, UnspecifiedValue, UnspecifiedValue, UnspecifiedValue, UnspecifiedValue, UnspecifiedValue, UnspecifiedValue, UnspecifiedValue, UnspecifiedValue, UnspecifiedValue, UnspecifiedValue, UnspecifiedValue, UnspecifiedValue].
WARNING:jax._src.dispatch:Finished jaxpr to MLIR module conversion jit(step) in 1.1416771411895752 sec
DEBUG:jax._src.compiler:get_compile_options: num_replicas=1 num_partitions=1 device_assignment=[[cuda(id=0)]]
DEBUG:jax._src.compiler:get_compile_options XLA-AutoFDO profile: using XLA-AutoFDO profile version -1
DEBUG:jax._src.compiler:Persistent compilation cache hit for 'jit_step'
WARNING:jax._src.dispatch:Finished XLA compilation of jit(step) in 0.3527185916900635 sec
DEBUG:matplotlib:matplotlib data path: /home/antonio/miniconda3/envs/jax_qdots/lib/python3.12/site-packages/matplotlib/mpl-data
DEBUG:matplotlib:CONFIGDIR=/home/antonio/.config/matplotlib
DEBUG:matplotlib:interactive is False
DEBUG:matplotlib:platform is linux
DEBUG:matplotlib:CACHEDIR=/home/antonio/.cache/matplotlib
DEBUG:matplotlib.font_manager:Using fontManager instance from /home/antonio/.cache/matplotlib/fontlist-v330.json
WARNING:jax._src.pjit:TRACING CACHE MISS at /home/antonio/dev/qdots_efficient/qdots_qll/models/single_dot_weak_coupling_GAME.py:22:8 (<module>) because:
  never seen function:
    convert_element_type id=127561843624672 defined at /home/antonio/miniconda3/envs/jax_qdots/lib/python3.12/site-packages/jax/_src/dispatch.py:93
INFO:jax._src.xla_bridge:Unable to initialize backend 'rocm': module 'jaxlib.xla_extension' has no attribute 'GpuAllocatorConfig'
INFO:jax._src.xla_bridge:Unable to initialize backend 'tpu': INTERNAL: Failed to open libtpu.so: libtpu.so: cannot open shared object file: No such file or directory
DEBUG:jax._src.compiler:get_compile_options: num_replicas=1 num_partitions=1 device_assignment=[[cuda(id=0)]]
DEBUG:jax._src.compiler:get_compile_options XLA-AutoFDO profile: using XLA-AutoFDO profile version -1
DEBUG:jax._src.compiler:Persistent compilation cache hit for 'jit_convert_element_type'
WARNING:jax._src.pjit:TRACING CACHE MISS at /home/antonio/dev/qdots_efficient/qdots_qll/models/single_dot_weak_coupling_GAME.py:28:8 (<module>) because:
  never seen function:
    convert_element_type id=127561858147296 defined at /home/antonio/miniconda3/envs/jax_qdots/lib/python3.12/site-packages/jax/_src/dispatch.py:93
DEBUG:jax._src.compiler:get_compile_options: num_replicas=1 num_partitions=1 device_assignment=[[cuda(id=0)]]
DEBUG:jax._src.compiler:get_compile_options XLA-AutoFDO profile: using XLA-AutoFDO profile version -1
DEBUG:jax._src.compiler:Persistent compilation cache hit for 'jit_convert_element_type'
WARNING:jax._src.pjit:TRACING CACHE MISS at /home/antonio/dev/qdots_efficient/qdots_qll/models/single_dot_weak_coupling_GAME.py:20:5 (<module>) because:
  for convert_element_type defined at /home/antonio/miniconda3/envs/jax_qdots/lib/python3.12/site-packages/jax/_src/dispatch.py:93
  never seen input type signature:
    args[0]: i32[2,2]
  closest seen input type signature has 1 mismatches, including:
    * at args[0], seen c64[2,2], but now given i32[2,2]
DEBUG:jax._src.compiler:get_compile_options: num_replicas=1 num_partitions=1 device_assignment=[[cuda(id=0)]]
DEBUG:jax._src.compiler:get_compile_options XLA-AutoFDO profile: using XLA-AutoFDO profile version -1
DEBUG:jax._src.compiler:Persistent compilation cache hit for 'jit_convert_element_type'
WARNING:jax._src.pjit:TRACING CACHE MISS at /home/antonio/dev/qdots_efficient/qdots_qll/models/single_dot_weak_coupling_GAME.py:20:5 (<module>) because:
  never seen function:
    broadcast_in_dim id=127561840461920 defined at /home/antonio/miniconda3/envs/jax_qdots/lib/python3.12/site-packages/jax/_src/dispatch.py:93
DEBUG:jax._src.compiler:get_compile_options: num_replicas=1 num_partitions=1 device_assignment=[[cuda(id=0)]]
DEBUG:jax._src.compiler:get_compile_options XLA-AutoFDO profile: using XLA-AutoFDO profile version -1
DEBUG:jax._src.compiler:Persistent compilation cache hit for 'jit_broadcast_in_dim'
WARNING:jax._src.pjit:TRACING CACHE MISS at /home/antonio/dev/qdots_efficient/qdots_qll/models/single_dot_weak_coupling_GAME.py:20:5 (<module>) because:
  never seen function:
    concatenate id=127561840465280 defined at /home/antonio/miniconda3/envs/jax_qdots/lib/python3.12/site-packages/jax/_src/dispatch.py:93
  but seen another function defined on the same line; maybe the function is
  being re-defined repeatedly, preventing caching?
DEBUG:jax._src.compiler:get_compile_options: num_replicas=1 num_partitions=1 device_assignment=[[cuda(id=0)]]
DEBUG:jax._src.compiler:get_compile_options XLA-AutoFDO profile: using XLA-AutoFDO profile version -1
DEBUG:jax._src.compiler:Persistent compilation cache hit for 'jit_concatenate'
DEBUG:jax._src.compiler:get_compile_options: num_replicas=1 num_partitions=1 device_assignment=[[cuda(id=0)]]
DEBUG:jax._src.compiler:get_compile_options XLA-AutoFDO profile: using XLA-AutoFDO profile version -1
DEBUG:jax._src.compiler:Persistent compilation cache hit for 'jit_sqrt'
DEBUG:jax._src.compiler:get_compile_options: num_replicas=1 num_partitions=1 device_assignment=[[cuda(id=0)]]
DEBUG:jax._src.compiler:get_compile_options XLA-AutoFDO profile: using XLA-AutoFDO profile version -1
DEBUG:jax._src.compiler:Persistent compilation cache hit for 'jit_true_divide'
WARNING:jax._src.pjit:TRACING CACHE MISS at /home/antonio/dev/qdots_efficient/qdots_qll/models/single_dot_weak_coupling_GAME.py:64:18 (<module>) because:
  never seen function:
    convert_element_type id=127561840471680 defined at /home/antonio/miniconda3/envs/jax_qdots/lib/python3.12/site-packages/jax/_src/dispatch.py:93
DEBUG:jax._src.compiler:get_compile_options: num_replicas=1 num_partitions=1 device_assignment=[[cuda(id=0)]]
DEBUG:jax._src.compiler:get_compile_options XLA-AutoFDO profile: using XLA-AutoFDO profile version -1
DEBUG:jax._src.compiler:Persistent compilation cache hit for 'jit_convert_element_type'
WARNING:jax._src.pjit:TRACING CACHE MISS at /home/antonio/dev/qdots_efficient/qdots_qll/models/single_dot_weak_coupling_GAME.py:67:4 (<module>) because:
  for convert_element_type defined at /home/antonio/miniconda3/envs/jax_qdots/lib/python3.12/site-packages/jax/_src/dispatch.py:93
  never seen input type signature:
    args[0]: c64[6,2,2]
  closest seen input type signature has 1 mismatches, including:
    * at args[0], seen c64[2,2], but now given c64[6,2,2]
DEBUG:jax._src.compiler:get_compile_options: num_replicas=1 num_partitions=1 device_assignment=[[cuda(id=0)]]
DEBUG:jax._src.compiler:get_compile_options XLA-AutoFDO profile: using XLA-AutoFDO profile version -1
DEBUG:jax._src.compiler:Persistent compilation cache hit for 'jit_convert_element_type'
DEBUG:jax._src.compiler:get_compile_options: num_replicas=1 num_partitions=1 device_assignment=[[cuda(id=0)]]
DEBUG:jax._src.compiler:get_compile_options XLA-AutoFDO profile: using XLA-AutoFDO profile version -1
DEBUG:jax._src.compiler:Persistent compilation cache hit for 'jit_true_divide'
WARNING:jax._src.pjit:TRACING CACHE MISS at /home/antonio/dev/qdots_efficient/qdots_qll/models/single_dot_weak_coupling_GAME.py:78:2 (<module>) because:
  never seen function:
    reshape id=127561840475680 defined at /home/antonio/miniconda3/envs/jax_qdots/lib/python3.12/site-packages/jax/_src/dispatch.py:93
DEBUG:jax._src.compiler:get_compile_options: num_replicas=1 num_partitions=1 device_assignment=[[cuda(id=0)]]
DEBUG:jax._src.compiler:get_compile_options XLA-AutoFDO profile: using XLA-AutoFDO profile version -1
DEBUG:jax._src.compiler:Persistent compilation cache hit for 'jit_reshape'
WARNING:jax._src.pjit:TRACING CACHE MISS at /home/antonio/dev/qdots_efficient/qdots_qll/models/single_dot_weak_coupling_GAME.py:87:20 (<module>) because:
  for convert_element_type defined at /home/antonio/miniconda3/envs/jax_qdots/lib/python3.12/site-packages/jax/_src/dispatch.py:93
  never seen input type signature:
    args[0]: c64[4,2,2]
  closest seen input type signature has 1 mismatches, including:
    * at args[0], seen c64[2,2], but now given c64[4,2,2]
DEBUG:jax._src.compiler:get_compile_options: num_replicas=1 num_partitions=1 device_assignment=[[cuda(id=0)]]
DEBUG:jax._src.compiler:get_compile_options XLA-AutoFDO profile: using XLA-AutoFDO profile version -1
DEBUG:jax._src.compiler:Persistent compilation cache hit for 'jit_convert_element_type'
DEBUG:jax._src.compiler:get_compile_options: num_replicas=1 num_partitions=1 device_assignment=[[cuda(id=0)]]
DEBUG:jax._src.compiler:get_compile_options XLA-AutoFDO profile: using XLA-AutoFDO profile version -1
DEBUG:jax._src.compiler:Persistent compilation cache hit for 'jit__einsum'
DEBUG:jax._src.compiler:get_compile_options: num_replicas=1 num_partitions=1 device_assignment=[[cuda(id=0)]]
DEBUG:jax._src.compiler:get_compile_options XLA-AutoFDO profile: using XLA-AutoFDO profile version -1
DEBUG:jax._src.compiler:Persistent compilation cache hit for 'jit_real'
WARNING:jax._src.pjit:TRACING CACHE MISS at /home/antonio/dev/qdots_efficient/qdots_qll/models/single_dot_weak_coupling_GAME.py:89:23 (<module>) because:
  never seen function:
    transpose id=127561840463200 defined at /home/antonio/miniconda3/envs/jax_qdots/lib/python3.12/site-packages/jax/_src/dispatch.py:93
DEBUG:jax._src.compiler:get_compile_options: num_replicas=1 num_partitions=1 device_assignment=[[cuda(id=0)]]
DEBUG:jax._src.compiler:get_compile_options XLA-AutoFDO profile: using XLA-AutoFDO profile version -1
DEBUG:jax._src.compiler:Persistent compilation cache hit for 'jit_transpose'
WARNING:jax._src.pjit:TRACING CACHE MISS at /home/antonio/dev/qdots_efficient/profiling/step_abstraction.py:37:6 (<module>) because:
  for convert_element_type defined at /home/antonio/miniconda3/envs/jax_qdots/lib/python3.12/site-packages/jax/_src/dispatch.py:93
  never seen input type signature:
    args[0]: i32[]
  closest seen input type signature has 1 mismatches, including:
    * at args[0], seen i32[2,2], but now given i32[]
DEBUG:jax._src.compiler:get_compile_options: num_replicas=1 num_partitions=1 device_assignment=[[cuda(id=0)]]
DEBUG:jax._src.compiler:get_compile_options XLA-AutoFDO profile: using XLA-AutoFDO profile version -1
DEBUG:jax._src.compiler:Persistent compilation cache hit for 'jit_convert_element_type'
DEBUG:jax._src.compiler:get_compile_options: num_replicas=1 num_partitions=1 device_assignment=[[cuda(id=0)]]
DEBUG:jax._src.compiler:get_compile_options XLA-AutoFDO profile: using XLA-AutoFDO profile version -1
DEBUG:jax._src.compiler:Persistent compilation cache hit for 'jit__threefry_seed'
WARNING:jax._src.pjit:TRACING CACHE MISS at /home/antonio/dev/qdots_efficient/profiling/step_abstraction.py:38:14 (<module>) because:
  never seen function:
    _threefry_split id=127562469080928 defined at /home/antonio/miniconda3/envs/jax_qdots/lib/python3.12/site-packages/jax/_src/prng.py:1204
DEBUG:jax._src.compiler:get_compile_options: num_replicas=1 num_partitions=1 device_assignment=[[cuda(id=0)]]
DEBUG:jax._src.compiler:get_compile_options XLA-AutoFDO profile: using XLA-AutoFDO profile version -1
DEBUG:jax._src.compiler:Persistent compilation cache hit for 'jit__threefry_split'
WARNING:jax._src.pjit:TRACING CACHE MISS at /home/antonio/dev/qdots_efficient/profiling/step_abstraction.py:38 (<module>) because:
  never seen function:
    _unstack id=127562470285504 defined at /home/antonio/miniconda3/envs/jax_qdots/lib/python3.12/site-packages/jax/_src/numpy/array_methods.py:337
DEBUG:jax._src.compiler:get_compile_options: num_replicas=1 num_partitions=1 device_assignment=[[cuda(id=0)]]
DEBUG:jax._src.compiler:get_compile_options XLA-AutoFDO profile: using XLA-AutoFDO profile version -1
DEBUG:jax._src.compiler:Persistent compilation cache hit for 'jit__unstack'
WARNING:jax._src.pjit:TRACING CACHE MISS at /home/antonio/dev/qdots_efficient/qdots_qll/models/models_scratch_for_drafting.py:35:24 (BaseClassDimension.__init__) because:
  for convert_element_type defined at /home/antonio/miniconda3/envs/jax_qdots/lib/python3.12/site-packages/jax/_src/dispatch.py:93
  never seen input type signature:
    args[0]: f32[]
  closest seen input type signature has 1 mismatches, including:
    * at args[0], seen f32[4], but now given f32[]
DEBUG:jax._src.compiler:get_compile_options: num_replicas=1 num_partitions=1 device_assignment=[[cuda(id=0)]]
DEBUG:jax._src.compiler:get_compile_options XLA-AutoFDO profile: using XLA-AutoFDO profile version -1
DEBUG:jax._src.compiler:Persistent compilation cache hit for 'jit_convert_element_type'
WARNING:jax._src.pjit:TRACING CACHE MISS at /home/antonio/dev/qdots_efficient/qdots_qll/models/models_scratch_for_drafting.py:35:24 (BaseClassDimension.__init__) because:
  never seen function:
    broadcast_in_dim id=127561839405120 defined at /home/antonio/miniconda3/envs/jax_qdots/lib/python3.12/site-packages/jax/_src/dispatch.py:93
DEBUG:jax._src.compiler:get_compile_options: num_replicas=1 num_partitions=1 device_assignment=[[cuda(id=0)]]
DEBUG:jax._src.compiler:get_compile_options XLA-AutoFDO profile: using XLA-AutoFDO profile version -1
DEBUG:jax._src.compiler:Persistent compilation cache hit for 'jit_broadcast_in_dim'
WARNING:jax._src.pjit:TRACING CACHE MISS at /home/antonio/dev/qdots_efficient/qdots_qll/models/single_dot_weak_coupling_GAME.py:194:30 (SingleDotWeakCouplingGAME.__init__) because:
  never seen function:
    iota id=127561839407360 defined at /home/antonio/miniconda3/envs/jax_qdots/lib/python3.12/site-packages/jax/_src/dispatch.py:93
DEBUG:jax._src.compiler:get_compile_options: num_replicas=1 num_partitions=1 device_assignment=[[cuda(id=0)]]
DEBUG:jax._src.compiler:get_compile_options XLA-AutoFDO profile: using XLA-AutoFDO profile version -1
DEBUG:jax._src.compiler:Persistent compilation cache hit for 'jit_iota'
WARNING:jax._src.pjit:TRACING CACHE MISS at /home/antonio/dev/qdots_efficient/qdots_qll/models/single_dot_weak_coupling_GAME.py:194:30 (SingleDotWeakCouplingGAME.__init__) because:
  never seen function:
    add id=127561839409440 defined at /home/antonio/miniconda3/envs/jax_qdots/lib/python3.12/site-packages/jax/_src/dispatch.py:93
  but seen another function defined on the same line; maybe the function is
  being re-defined repeatedly, preventing caching?
DEBUG:jax._src.compiler:get_compile_options: num_replicas=1 num_partitions=1 device_assignment=[[cuda(id=0)]]
DEBUG:jax._src.compiler:get_compile_options XLA-AutoFDO profile: using XLA-AutoFDO profile version -1
DEBUG:jax._src.compiler:Persistent compilation cache hit for 'jit_add'
WARNING:jax._src.pjit:TRACING CACHE MISS at /home/antonio/dev/qdots_efficient/qdots_qll/models/single_dot_weak_coupling_GAME.py:194:30 (SingleDotWeakCouplingGAME.__init__) because:
  never seen function:
    iota id=127561839690112 defined at /home/antonio/miniconda3/envs/jax_qdots/lib/python3.12/site-packages/jax/_src/dispatch.py:93
  but seen another function defined on the same line; maybe the function is
  being re-defined repeatedly, preventing caching?
DEBUG:jax._src.compiler:get_compile_options: num_replicas=1 num_partitions=1 device_assignment=[[cuda(id=0)]]
DEBUG:jax._src.compiler:get_compile_options XLA-AutoFDO profile: using XLA-AutoFDO profile version -1
DEBUG:jax._src.compiler:Persistent compilation cache hit for 'jit_iota'
WARNING:jax._src.pjit:TRACING CACHE MISS at /home/antonio/dev/qdots_efficient/qdots_qll/models/single_dot_weak_coupling_GAME.py:194:30 (SingleDotWeakCouplingGAME.__init__) because:
  never seen function:
    eq id=127561839692672 defined at /home/antonio/miniconda3/envs/jax_qdots/lib/python3.12/site-packages/jax/_src/dispatch.py:93
  but seen another function defined on the same line; maybe the function is
  being re-defined repeatedly, preventing caching?
DEBUG:jax._src.compiler:get_compile_options: num_replicas=1 num_partitions=1 device_assignment=[[cuda(id=0)]]
DEBUG:jax._src.compiler:get_compile_options XLA-AutoFDO profile: using XLA-AutoFDO profile version -1
DEBUG:jax._src.compiler:Persistent compilation cache hit for 'jit_eq'
WARNING:jax._src.pjit:TRACING CACHE MISS at /home/antonio/dev/qdots_efficient/qdots_qll/models/single_dot_weak_coupling_GAME.py:194:30 (SingleDotWeakCouplingGAME.__init__) because:
  for convert_element_type defined at /home/antonio/miniconda3/envs/jax_qdots/lib/python3.12/site-packages/jax/_src/dispatch.py:93
  never seen input type signature:
    args[0]: bool[4,4]
  closest seen input type signature has 1 mismatches, including:
    * at args[0], seen f32[4], but now given bool[4,4]
DEBUG:jax._src.compiler:get_compile_options: num_replicas=1 num_partitions=1 device_assignment=[[cuda(id=0)]]
DEBUG:jax._src.compiler:get_compile_options XLA-AutoFDO profile: using XLA-AutoFDO profile version -1
DEBUG:jax._src.compiler:Persistent compilation cache hit for 'jit_convert_element_type'
DEBUG:jax._src.compiler:get_compile_options: num_replicas=1 num_partitions=1 device_assignment=[[cuda(id=0)]]
DEBUG:jax._src.compiler:get_compile_options XLA-AutoFDO profile: using XLA-AutoFDO profile version -1
DEBUG:jax._src.compiler:Persistent compilation cache hit for 'jit__einsum'
DEBUG:jax._src.compiler:get_compile_options: num_replicas=1 num_partitions=1 device_assignment=[[cuda(id=0)]]
DEBUG:jax._src.compiler:get_compile_options XLA-AutoFDO profile: using XLA-AutoFDO profile version -1
DEBUG:jax._src.compiler:Persistent compilation cache hit for 'jit_real'
DEBUG:jax._src.compiler:get_compile_options: num_replicas=1 num_partitions=1 device_assignment=[[cuda(id=0)]]
DEBUG:jax._src.compiler:get_compile_options XLA-AutoFDO profile: using XLA-AutoFDO profile version -1
DEBUG:jax._src.compiler:Persistent compilation cache hit for 'jit_multiply'
DEBUG:jax._src.compiler:get_compile_options: num_replicas=1 num_partitions=1 device_assignment=[[cuda(id=0)]]
DEBUG:jax._src.compiler:get_compile_options XLA-AutoFDO profile: using XLA-AutoFDO profile version -1
DEBUG:jax._src.compiler:Persistent compilation cache hit for 'jit_true_divide'
DEBUG:jax._src.compiler:get_compile_options: num_replicas=1 num_partitions=1 device_assignment=[[cuda(id=0)]]
DEBUG:jax._src.compiler:get_compile_options XLA-AutoFDO profile: using XLA-AutoFDO profile version -1
DEBUG:jax._src.compiler:Persistent compilation cache hit for 'jit_add'
WARNING:jax._src.pjit:TRACING CACHE MISS at /home/antonio/dev/qdots_efficient/qdots_qll/models/single_dot_weak_coupling_GAME.py:262:12 (SingleDotWeakCouplingGAME.make_Aij) because:
  never seen function:
    eigh id=127562469865280 defined at /home/antonio/miniconda3/envs/jax_qdots/lib/python3.12/site-packages/jax/_src/numpy/linalg.py:774
DEBUG:jax._src.compiler:get_compile_options: num_replicas=1 num_partitions=1 device_assignment=[[cuda(id=0)]]
DEBUG:jax._src.compiler:get_compile_options XLA-AutoFDO profile: using XLA-AutoFDO profile version -1
DEBUG:jax._src.compiler:Persistent compilation cache hit for 'jit_eigh'
DEBUG:jax._src.compiler:get_compile_options: num_replicas=1 num_partitions=1 device_assignment=[[cuda(id=0)]]
DEBUG:jax._src.compiler:get_compile_options XLA-AutoFDO profile: using XLA-AutoFDO profile version -1
DEBUG:jax._src.compiler:Persistent compilation cache hit for 'jit_matmul'
WARNING:jax._src.pjit:TRACING CACHE MISS at /home/antonio/dev/qdots_efficient/qdots_qll/models/models_scratch_for_drafting.py:39:29 (BaseClassDimension.dag) because:
  for transpose defined at /home/antonio/miniconda3/envs/jax_qdots/lib/python3.12/site-packages/jax/_src/dispatch.py:93
  never seen input type signature:
    args[0]: f32[2,2]
  closest seen input type signature has 1 mismatches, including:
    * at args[0], seen f32[4,4], but now given f32[2,2]
DEBUG:jax._src.compiler:get_compile_options: num_replicas=1 num_partitions=1 device_assignment=[[cuda(id=0)]]
DEBUG:jax._src.compiler:get_compile_options XLA-AutoFDO profile: using XLA-AutoFDO profile version -1
DEBUG:jax._src.compiler:Persistent compilation cache hit for 'jit_transpose'
DEBUG:jax._src.compiler:get_compile_options: num_replicas=1 num_partitions=1 device_assignment=[[cuda(id=0)]]
DEBUG:jax._src.compiler:get_compile_options XLA-AutoFDO profile: using XLA-AutoFDO profile version -1
DEBUG:jax._src.compiler:Persistent compilation cache hit for 'jit_conjugate'
DEBUG:jax._src.compiler:get_compile_options: num_replicas=1 num_partitions=1 device_assignment=[[cuda(id=0)]]
DEBUG:jax._src.compiler:get_compile_options XLA-AutoFDO profile: using XLA-AutoFDO profile version -1
DEBUG:jax._src.compiler:Persistent compilation cache hit for 'jit_matmul'
DEBUG:jax._src.compiler:get_compile_options: num_replicas=1 num_partitions=1 device_assignment=[[cuda(id=0)]]
DEBUG:jax._src.compiler:get_compile_options XLA-AutoFDO profile: using XLA-AutoFDO profile version -1
DEBUG:jax._src.compiler:Persistent compilation cache hit for 'jit__einsum'
WARNING:jax._src.pjit:TRACING CACHE MISS at /home/antonio/dev/qdots_efficient/qdots_qll/models/single_dot_weak_coupling_GAME.py:202:40 (SingleDotWeakCouplingGAME.__init__.<locals>.<lambda>) because:
  never seen function:
    BaseClassDimension.vec id=127561843363488 defined at /home/antonio/dev/qdots_efficient/qdots_qll/models/models_scratch_for_drafting.py:41
DEBUG:jax._src.compiler:get_compile_options: num_replicas=1 num_partitions=1 device_assignment=[[cuda(id=0)]]
DEBUG:jax._src.compiler:get_compile_options XLA-AutoFDO profile: using XLA-AutoFDO profile version -1
DEBUG:jax._src.compiler:Persistent compilation cache hit for 'jit_vec'
WARNING:jax._src.pjit:TRACING CACHE MISS at /home/antonio/dev/qdots_efficient/profiling/step_abstraction.py:43:13 (<module>) because:
  for convert_element_type defined at /home/antonio/miniconda3/envs/jax_qdots/lib/python3.12/site-packages/jax/_src/dispatch.py:93
  never seen input type signature:
    args[0]: f32[4,2]
  closest seen input type signature has 1 mismatches, including:
    * at args[0], seen f32[4], but now given f32[4,2]
DEBUG:jax._src.compiler:get_compile_options: num_replicas=1 num_partitions=1 device_assignment=[[cuda(id=0)]]
DEBUG:jax._src.compiler:get_compile_options XLA-AutoFDO profile: using XLA-AutoFDO profile version -1
DEBUG:jax._src.compiler:Persistent compilation cache hit for 'jit_convert_element_type'
DEBUG:jax._src.compiler:get_compile_options: num_replicas=1 num_partitions=1 device_assignment=[[cuda(id=0)]]
DEBUG:jax._src.compiler:get_compile_options XLA-AutoFDO profile: using XLA-AutoFDO profile version -1
DEBUG:jax._src.compiler:Persistent compilation cache hit for 'jit__mean'
WARNING:jax._src.pjit:TRACING CACHE MISS at /home/antonio/dev/qdots_efficient/profiling/step_abstraction.py:54:8 (<module>) because:
  never seen function:
    _var id=127562474102016 defined at /home/antonio/miniconda3/envs/jax_qdots/lib/python3.12/site-packages/jax/_src/numpy/reductions.py:440
WARNING:jax._src.pjit:TRACING CACHE MISS at /home/antonio/dev/qdots_efficient/profiling/step_abstraction.py:54:8 (<module>) because:
  never seen function:
    _std id=127562474103616 defined at /home/antonio/miniconda3/envs/jax_qdots/lib/python3.12/site-packages/jax/_src/numpy/reductions.py:501
  but seen another function defined on the same line; maybe the function is
  being re-defined repeatedly, preventing caching?
DEBUG:jax._src.compiler:get_compile_options: num_replicas=1 num_partitions=1 device_assignment=[[cuda(id=0)]]
DEBUG:jax._src.compiler:get_compile_options XLA-AutoFDO profile: using XLA-AutoFDO profile version -1
DEBUG:jax._src.compiler:Persistent compilation cache hit for 'jit__std'
DEBUG:tensorflow:Falling back to TensorFlow client; we recommended you install the Cloud TPU client directly with pip install cloud-tpu-client.
DEBUG:h5py._conv:Creating converter from 7 to 5
DEBUG:h5py._conv:Creating converter from 5 to 7
DEBUG:h5py._conv:Creating converter from 7 to 5
DEBUG:h5py._conv:Creating converter from 5 to 7
DEBUG:jax._src.compiler:get_compile_options: num_replicas=1 num_partitions=1 device_assignment=[[cuda(id=0)]]
DEBUG:jax._src.compiler:get_compile_options XLA-AutoFDO profile: using XLA-AutoFDO profile version -1
DEBUG:jax._src.compiler:Persistent compilation cache hit for 'jit_true_divide'
WARNING:jax._src.pjit:TRACING CACHE MISS at /home/antonio/dev/qdots_efficient/profiling/step_abstraction.py:58:36 (<module>) because:
  never seen function:
    dynamic_slice id=127561839994784 defined at /home/antonio/miniconda3/envs/jax_qdots/lib/python3.12/site-packages/jax/_src/dispatch.py:93
DEBUG:jax._src.compiler:get_compile_options: num_replicas=1 num_partitions=1 device_assignment=[[cuda(id=0)]]
DEBUG:jax._src.compiler:get_compile_options XLA-AutoFDO profile: using XLA-AutoFDO profile version -1
DEBUG:jax._src.compiler:Persistent compilation cache hit for 'jit_dynamic_slice'
WARNING:jax._src.pjit:TRACING CACHE MISS at /home/antonio/dev/qdots_efficient/profiling/step_abstraction.py:58:36 (<module>) because:
  never seen function:
    squeeze id=127559727500160 defined at /home/antonio/miniconda3/envs/jax_qdots/lib/python3.12/site-packages/jax/_src/dispatch.py:93
  but seen another function defined on the same line; maybe the function is
  being re-defined repeatedly, preventing caching?
DEBUG:jax._src.compiler:get_compile_options: num_replicas=1 num_partitions=1 device_assignment=[[cuda(id=0)]]
DEBUG:jax._src.compiler:get_compile_options XLA-AutoFDO profile: using XLA-AutoFDO profile version -1
DEBUG:jax._src.compiler:Persistent compilation cache hit for 'jit_squeeze'
DEBUG:jax._src.compiler:get_compile_options: num_replicas=1 num_partitions=1 device_assignment=[[cuda(id=0)]]
DEBUG:jax._src.compiler:get_compile_options XLA-AutoFDO profile: using XLA-AutoFDO profile version -1
DEBUG:jax._src.compiler:Persistent compilation cache hit for 'jit_subtract'
DEBUG:jax._src.compiler:get_compile_options: num_replicas=1 num_partitions=1 device_assignment=[[cuda(id=0)]]
DEBUG:jax._src.compiler:get_compile_options XLA-AutoFDO profile: using XLA-AutoFDO profile version -1
DEBUG:jax._src.compiler:Persistent compilation cache hit for 'jit_true_divide'
WARNING:jax._src.pjit:TRACING CACHE MISS at /home/antonio/dev/qdots_efficient/profiling/step_abstraction.py:62:27 (<module>) because:
  never seen function:
    _uniform id=127562469092192 defined at /home/antonio/miniconda3/envs/jax_qdots/lib/python3.12/site-packages/jax/_src/random.py:400
WARNING:jax._src.pjit:TRACING CACHE MISS at /home/antonio/dev/qdots_efficient/profiling/step_abstraction.py:62:27 (<module>) because:
  never seen function:
    clip id=127562474446560 defined at /home/antonio/miniconda3/envs/jax_qdots/lib/python3.12/site-packages/jax/_src/numpy/lax_numpy.py:1550
  but seen another function defined on the same line; maybe the function is
  being re-defined repeatedly, preventing caching?
WARNING:jax._src.pjit:TRACING CACHE MISS at /home/antonio/dev/qdots_efficient/profiling/step_abstraction.py:62:27 (<module>) because:
  never seen function:
    _truncated_normal id=127562469166112 defined at /home/antonio/miniconda3/envs/jax_qdots/lib/python3.12/site-packages/jax/_src/random.py:860
  but seen another function defined on the same line; maybe the function is
  being re-defined repeatedly, preventing caching?
DEBUG:jax._src.compiler:get_compile_options: num_replicas=1 num_partitions=1 device_assignment=[[cuda(id=0)]]
DEBUG:jax._src.compiler:get_compile_options XLA-AutoFDO profile: using XLA-AutoFDO profile version -1
DEBUG:jax._src.compiler:Persistent compilation cache hit for 'jit__truncated_normal'
DEBUG:jax._src.compiler:get_compile_options: num_replicas=1 num_partitions=1 device_assignment=[[cuda(id=0)]]
DEBUG:jax._src.compiler:get_compile_options XLA-AutoFDO profile: using XLA-AutoFDO profile version -1
DEBUG:jax._src.compiler:Persistent compilation cache hit for 'jit_multiply'
DEBUG:jax._src.compiler:get_compile_options: num_replicas=1 num_partitions=1 device_assignment=[[cuda(id=0)]]
DEBUG:jax._src.compiler:get_compile_options XLA-AutoFDO profile: using XLA-AutoFDO profile version -1
DEBUG:jax._src.compiler:Persistent compilation cache hit for 'jit_add'
WARNING:jax._src.pjit:TRACING CACHE MISS at /home/antonio/dev/qdots_efficient/profiling/step_abstraction.py:62:27 (<module>) because:
  for convert_element_type defined at /home/antonio/miniconda3/envs/jax_qdots/lib/python3.12/site-packages/jax/_src/dispatch.py:93
  never seen input type signature:
    args[0]: f32[0]
  closest seen input type signature has 1 mismatches, including:
    * at args[0], seen f32[4], but now given f32[0]
DEBUG:jax._src.compiler:get_compile_options: num_replicas=1 num_partitions=1 device_assignment=[[cuda(id=0)]]
DEBUG:jax._src.compiler:get_compile_options XLA-AutoFDO profile: using XLA-AutoFDO profile version -1
DEBUG:jax._src.compiler:Persistent compilation cache hit for 'jit_convert_element_type'
WARNING:jax._src.pjit:TRACING CACHE MISS at /home/antonio/dev/qdots_efficient/profiling/step_abstraction.py:62:27 (<module>) because:
  never seen function:
    broadcast_in_dim id=127559727512960 defined at /home/antonio/miniconda3/envs/jax_qdots/lib/python3.12/site-packages/jax/_src/dispatch.py:93
  but seen another function defined on the same line; maybe the function is
  being re-defined repeatedly, preventing caching?
DEBUG:jax._src.compiler:get_compile_options: num_replicas=1 num_partitions=1 device_assignment=[[cuda(id=0)]]
DEBUG:jax._src.compiler:get_compile_options XLA-AutoFDO profile: using XLA-AutoFDO profile version -1
DEBUG:jax._src.compiler:Persistent compilation cache hit for 'jit_broadcast_in_dim'
WARNING:jax._src.pjit:TRACING CACHE MISS at /home/antonio/dev/qdots_efficient/profiling/step_abstraction.py:65:10 (<module>) because:
  never seen function:
    broadcast_in_dim id=127559727507040 defined at /home/antonio/miniconda3/envs/jax_qdots/lib/python3.12/site-packages/jax/_src/dispatch.py:93
DEBUG:jax._src.compiler:get_compile_options: num_replicas=1 num_partitions=1 device_assignment=[[cuda(id=0)]]
DEBUG:jax._src.compiler:get_compile_options XLA-AutoFDO profile: using XLA-AutoFDO profile version -1
DEBUG:jax._src.compiler:Persistent compilation cache hit for 'jit_broadcast_in_dim'
DEBUG:jax._src.compiler:get_compile_options: num_replicas=1 num_partitions=1 device_assignment=[[cuda(id=0)]]
DEBUG:jax._src.compiler:get_compile_options XLA-AutoFDO profile: using XLA-AutoFDO profile version -1
DEBUG:jax._src.compiler:Persistent compilation cache hit for 'jit_true_divide'
DEBUG:jax._src.compiler:get_compile_options: num_replicas=1 num_partitions=1 device_assignment=[[cuda(id=0)]]
DEBUG:jax._src.compiler:get_compile_options XLA-AutoFDO profile: using XLA-AutoFDO profile version -1
DEBUG:jax._src.compiler:Persistent compilation cache hit for 'jit_log'
DEBUG:jax._src.compiler:get_compile_options: num_replicas=1 num_partitions=1 device_assignment=[[cuda(id=0)]]
DEBUG:jax._src.compiler:get_compile_options XLA-AutoFDO profile: using XLA-AutoFDO profile version -1
DEBUG:jax._src.compiler:Persistent compilation cache hit for 'jit_real'
DEBUG:jax._src.compiler:get_compile_options: num_replicas=1 num_partitions=1 device_assignment=[[cuda(id=0)]]
DEBUG:jax._src.compiler:get_compile_options XLA-AutoFDO profile: using XLA-AutoFDO profile version -1
DEBUG:jax._src.compiler:Persistent compilation cache hit for 'jit__reduce_max'
DEBUG:jax._src.compiler:get_compile_options: num_replicas=1 num_partitions=1 device_assignment=[[cuda(id=0)]]
DEBUG:jax._src.compiler:get_compile_options XLA-AutoFDO profile: using XLA-AutoFDO profile version -1
DEBUG:jax._src.compiler:Persistent compilation cache hit for 'jit_isfinite'
WARNING:jax._src.pjit:TRACING CACHE MISS at /home/antonio/dev/qdots_efficient/qdots_qll/distributions.py:107:34 (normalize_log_weights) because:
  never seen function:
    select_n id=127559725985088 defined at /home/antonio/miniconda3/envs/jax_qdots/lib/python3.12/site-packages/jax/_src/dispatch.py:93
DEBUG:jax._src.compiler:get_compile_options: num_replicas=1 num_partitions=1 device_assignment=[[cuda(id=0)]]
DEBUG:jax._src.compiler:get_compile_options XLA-AutoFDO profile: using XLA-AutoFDO profile version -1
DEBUG:jax._src.compiler:Persistent compilation cache hit for 'jit_select_n'
WARNING:jax._src.pjit:TRACING CACHE MISS at /home/antonio/dev/qdots_efficient/qdots_qll/distributions.py:107:34 (normalize_log_weights) because:
  for broadcast_in_dim defined at /home/antonio/miniconda3/envs/jax_qdots/lib/python3.12/site-packages/jax/_src/dispatch.py:93
  never seen input type signature:
    args[0]: f32[]
  closest seen input type signature has 1 mismatches, including:
    * at args[0], seen i32[], but now given f32[]
DEBUG:jax._src.compiler:get_compile_options: num_replicas=1 num_partitions=1 device_assignment=[[cuda(id=0)]]
DEBUG:jax._src.compiler:get_compile_options XLA-AutoFDO profile: using XLA-AutoFDO profile version -1
DEBUG:jax._src.compiler:Persistent compilation cache hit for 'jit_broadcast_in_dim'
WARNING:jax._src.pjit:TRACING CACHE MISS at /home/antonio/dev/qdots_efficient/qdots_qll/distributions.py:107:34 (normalize_log_weights) because:
  never seen function:
    sub id=127559725987648 defined at /home/antonio/miniconda3/envs/jax_qdots/lib/python3.12/site-packages/jax/_src/dispatch.py:93
  but seen another function defined on the same line; maybe the function is
  being re-defined repeatedly, preventing caching?
DEBUG:jax._src.compiler:get_compile_options: num_replicas=1 num_partitions=1 device_assignment=[[cuda(id=0)]]
DEBUG:jax._src.compiler:get_compile_options XLA-AutoFDO profile: using XLA-AutoFDO profile version -1
DEBUG:jax._src.compiler:Persistent compilation cache hit for 'jit_sub'
WARNING:jax._src.pjit:TRACING CACHE MISS at /home/antonio/dev/qdots_efficient/qdots_qll/distributions.py:107:34 (normalize_log_weights) because:
  never seen function:
    exp id=127559726268960 defined at /home/antonio/miniconda3/envs/jax_qdots/lib/python3.12/site-packages/jax/_src/dispatch.py:93
  but seen another function defined on the same line; maybe the function is
  being re-defined repeatedly, preventing caching?
DEBUG:jax._src.compiler:get_compile_options: num_replicas=1 num_partitions=1 device_assignment=[[cuda(id=0)]]
DEBUG:jax._src.compiler:get_compile_options XLA-AutoFDO profile: using XLA-AutoFDO profile version -1
DEBUG:jax._src.compiler:Persistent compilation cache hit for 'jit_exp'
DEBUG:jax._src.compiler:get_compile_options: num_replicas=1 num_partitions=1 device_assignment=[[cuda(id=0)]]
DEBUG:jax._src.compiler:get_compile_options XLA-AutoFDO profile: using XLA-AutoFDO profile version -1
DEBUG:jax._src.compiler:Persistent compilation cache hit for 'jit__reduce_sum'
WARNING:jax._src.pjit:TRACING CACHE MISS at /home/antonio/dev/qdots_efficient/qdots_qll/distributions.py:107:34 (normalize_log_weights) because:
  never seen function:
    sign id=127559726272800 defined at /home/antonio/miniconda3/envs/jax_qdots/lib/python3.12/site-packages/jax/_src/dispatch.py:93
  but seen another function defined on the same line; maybe the function is
  being re-defined repeatedly, preventing caching?
DEBUG:jax._src.compiler:get_compile_options: num_replicas=1 num_partitions=1 device_assignment=[[cuda(id=0)]]
DEBUG:jax._src.compiler:get_compile_options XLA-AutoFDO profile: using XLA-AutoFDO profile version -1
DEBUG:jax._src.compiler:Persistent compilation cache hit for 'jit_sign'
DEBUG:jax._src.compiler:get_compile_options: num_replicas=1 num_partitions=1 device_assignment=[[cuda(id=0)]]
DEBUG:jax._src.compiler:get_compile_options XLA-AutoFDO profile: using XLA-AutoFDO profile version -1
DEBUG:jax._src.compiler:Persistent compilation cache hit for 'jit_absolute'
WARNING:jax._src.pjit:TRACING CACHE MISS at /home/antonio/dev/qdots_efficient/qdots_qll/distributions.py:107:34 (normalize_log_weights) because:
  never seen function:
    log id=127559726276160 defined at /home/antonio/miniconda3/envs/jax_qdots/lib/python3.12/site-packages/jax/_src/dispatch.py:93
  but seen another function defined on the same line; maybe the function is
  being re-defined repeatedly, preventing caching?
DEBUG:jax._src.compiler:get_compile_options: num_replicas=1 num_partitions=1 device_assignment=[[cuda(id=0)]]
DEBUG:jax._src.compiler:get_compile_options XLA-AutoFDO profile: using XLA-AutoFDO profile version -1
DEBUG:jax._src.compiler:Persistent compilation cache hit for 'jit_log'
WARNING:jax._src.pjit:TRACING CACHE MISS at /home/antonio/dev/qdots_efficient/qdots_qll/distributions.py:107:34 (normalize_log_weights) because:
  for add defined at /home/antonio/miniconda3/envs/jax_qdots/lib/python3.12/site-packages/jax/_src/dispatch.py:93
  never seen input type signature:
    args[0]: f32[],  args[1]: f32[]
  closest seen input type signature has 2 mismatches, including:
    * at args[0], seen i32[4,4], but now given f32[]
    * at args[1], seen i32[], but now given f32[]
DEBUG:jax._src.compiler:get_compile_options: num_replicas=1 num_partitions=1 device_assignment=[[cuda(id=0)]]
DEBUG:jax._src.compiler:get_compile_options XLA-AutoFDO profile: using XLA-AutoFDO profile version -1
DEBUG:jax._src.compiler:Persistent compilation cache hit for 'jit_add'
DEBUG:jax._src.compiler:get_compile_options: num_replicas=1 num_partitions=1 device_assignment=[[cuda(id=0)]]
DEBUG:jax._src.compiler:get_compile_options XLA-AutoFDO profile: using XLA-AutoFDO profile version -1
DEBUG:jax._src.compiler:Persistent compilation cache hit for 'jit_subtract'
WARNING:jax._src.pjit:TRACING CACHE MISS at /home/antonio/dev/qdots_efficient/qdots_qll/utils/utils.py:5:12 (ensure_array) because:
  never seen function:
    convert_element_type id=127559726282240 defined at /home/antonio/miniconda3/envs/jax_qdots/lib/python3.12/site-packages/jax/_src/dispatch.py:93
DEBUG:jax._src.compiler:get_compile_options: num_replicas=1 num_partitions=1 device_assignment=[[cuda(id=0)]]
DEBUG:jax._src.compiler:get_compile_options XLA-AutoFDO profile: using XLA-AutoFDO profile version -1
DEBUG:jax._src.compiler:Persistent compilation cache hit for 'jit_convert_element_type'
WARNING:jax._src.pjit:TRACING CACHE MISS at /home/antonio/dev/qdots_efficient/qdots_qll/utils/utils.py:7:15 (ensure_array) because:
  for convert_element_type defined at /home/antonio/miniconda3/envs/jax_qdots/lib/python3.12/site-packages/jax/_src/dispatch.py:93
  never seen input type signature:
    args[0]: i32[]
  closest seen input type signature has 1 mismatches, including:
    * at args[0], seen i32[2,2], but now given i32[]
DEBUG:jax._src.compiler:get_compile_options: num_replicas=1 num_partitions=1 device_assignment=[[cuda(id=0)]]
DEBUG:jax._src.compiler:get_compile_options XLA-AutoFDO profile: using XLA-AutoFDO profile version -1
DEBUG:jax._src.compiler:Persistent compilation cache hit for 'jit_convert_element_type'
WARNING:jax._src.pjit:TRACING CACHE MISS at /home/antonio/dev/qdots_efficient/qdots_qll/models/single_dot_weak_coupling_GAME.py:130:20 (ExperimentSingleDotWeakCouplingGAME.__init__) because:
  for convert_element_type defined at /home/antonio/miniconda3/envs/jax_qdots/lib/python3.12/site-packages/jax/_src/dispatch.py:93
  never seen input type signature:
    args[0]: i32[1]
  closest seen input type signature has 1 mismatches, including:
    * at args[0], seen f32[4], but now given i32[1]
DEBUG:jax._src.compiler:get_compile_options: num_replicas=1 num_partitions=1 device_assignment=[[cuda(id=0)]]
DEBUG:jax._src.compiler:get_compile_options XLA-AutoFDO profile: using XLA-AutoFDO profile version -1
DEBUG:jax._src.compiler:Persistent compilation cache hit for 'jit_convert_element_type'
WARNING:jax._src.dispatch:Finished tracing + transforming subtract for pjit in 0.0007114410400390625 sec
WARNING:jax._src.dispatch:Finished tracing + transforming multiply for pjit in 0.0006682872772216797 sec
WARNING:jax._src.dispatch:Finished tracing + transforming add for pjit in 0.0006401538848876953 sec
WARNING:jax._src.dispatch:Finished tracing + transforming _uniform for pjit in 0.006217241287231445 sec
WARNING:jax._src.pjit:TRACING CACHE MISS at /home/antonio/dev/qdots_efficient/qdots_qll/exp_design.py:363:15 (RandExpDesignGAME.generate_experiment) because:
  for _uniform defined at /home/antonio/miniconda3/envs/jax_qdots/lib/python3.12/site-packages/jax/_src/random.py:400
  never seen input type signature:
    key: key<fry>[],  minval: f32[],  maxval: f32[]
  closest seen input type signature has 2 mismatches, including:
    * at minval, seen f32[4], but now given f32[]
    * at maxval, seen f32[4], but now given f32[]
WARNING:jax._src.dispatch:Finished tracing + transforming maximum for pjit in 0.0006520748138427734 sec
WARNING:jax._src.dispatch:Finished tracing + transforming minimum for pjit in 0.0007596015930175781 sec
WARNING:jax._src.dispatch:Finished tracing + transforming clip for pjit in 0.0029821395874023438 sec
WARNING:jax._src.pjit:TRACING CACHE MISS at /home/antonio/dev/qdots_efficient/qdots_qll/exp_design.py:367:31 (RandExpDesignGAME.generate_experiment) because:
  for clip defined at /home/antonio/miniconda3/envs/jax_qdots/lib/python3.12/site-packages/jax/_src/numpy/lax_numpy.py:1550
  never seen input type signature:
    x: i32[],  min: i32[],  max: i32[]
  closest seen input type signature has 3 mismatches, including:
    * at x, seen f32[500,4], but now given i32[]
    * at min, seen f32[4], but now given i32[]
    * at max, seen f32[4], but now given i32[]
WARNING:jax._src.dispatch:Finished tracing + transforming maximum for pjit in 0.0006477832794189453 sec
WARNING:jax._src.dispatch:Finished tracing + transforming minimum for pjit in 0.0006506443023681641 sec
WARNING:jax._src.dispatch:Finished tracing + transforming clip for pjit in 0.002762317657470703 sec
WARNING:jax._src.pjit:TRACING CACHE MISS at /home/antonio/dev/qdots_efficient/qdots_qll/exp_design.py:367:31 (RandExpDesignGAME.generate_experiment) because:
  for clip defined at /home/antonio/miniconda3/envs/jax_qdots/lib/python3.12/site-packages/jax/_src/numpy/lax_numpy.py:1550
  never seen input type signature:
    x: i32[],  min: i32[],  max: i32[]
  closest seen input type signature has 3 mismatches, including:
    * at x, seen f32[500,4], but now given i32[]
    * at min, seen f32[4], but now given i32[]
    * at max, seen f32[4], but now given i32[]
WARNING:jax._src.dispatch:Finished tracing + transforming subtract for pjit in 0.0006148815155029297 sec
WARNING:jax._src.dispatch:Finished tracing + transforming less_equal for pjit in 0.000629425048828125 sec
WARNING:jax._src.dispatch:Finished tracing + transforming greater for pjit in 0.0006556510925292969 sec
WARNING:jax._src.dispatch:Finished tracing + transforming bitwise_and for pjit in 0.0007114410400390625 sec
WARNING:jax._src.dispatch:Finished tracing + transforming _randint for pjit in 0.01809406280517578 sec
WARNING:jax._src.pjit:TRACING CACHE MISS at /home/antonio/dev/qdots_efficient/qdots_qll/exp_design.py:367:31 (RandExpDesignGAME.generate_experiment) because:
  never seen function:
    _randint id=127562469093472 defined at /home/antonio/miniconda3/envs/jax_qdots/lib/python3.12/site-packages/jax/_src/random.py:465
WARNING:jax._src.dispatch:Finished tracing + transforming less for pjit in 0.000782012939453125 sec
WARNING:jax._src.dispatch:Finished tracing + transforming add for pjit in 0.0006957054138183594 sec
WARNING:jax._src.dispatch:Finished tracing + transforming _broadcast_arrays for pjit in 0.00038886070251464844 sec
WARNING:jax._src.dispatch:Finished tracing + transforming _where for pjit in 0.0014579296112060547 sec
WARNING:jax._src.pjit:TRACING CACHE MISS at /home/antonio/dev/qdots_efficient/qdots_qll/exp_design.py:367:31 (RandExpDesignGAME.generate_experiment) because:
  never seen function:
    _where id=127562476520608 defined at /home/antonio/miniconda3/envs/jax_qdots/lib/python3.12/site-packages/jax/_src/numpy/util.py:441
  but seen another function defined on the same line; maybe the function is
  being re-defined repeatedly, preventing caching?
WARNING:jax._src.dispatch:Finished tracing + transforming _take for pjit in 0.006261348724365234 sec
WARNING:jax._src.pjit:TRACING CACHE MISS at /home/antonio/dev/qdots_efficient/qdots_qll/exp_design.py:367:31 (RandExpDesignGAME.generate_experiment) because:
  never seen function:
    _take id=127562474734112 defined at /home/antonio/miniconda3/envs/jax_qdots/lib/python3.12/site-packages/jax/_src/numpy/lax_numpy.py:5310
  but seen another function defined on the same line; maybe the function is
  being re-defined repeatedly, preventing caching?
WARNING:jax._src.dispatch:Finished tracing + transforming _take for pjit in 0.0024890899658203125 sec
WARNING:jax._src.pjit:TRACING CACHE MISS at /home/antonio/dev/qdots_efficient/qdots_qll/exp_design.py:372:35 (RandExpDesignGAME.generate_experiment) because:
  for _take defined at /home/antonio/miniconda3/envs/jax_qdots/lib/python3.12/site-packages/jax/_src/numpy/lax_numpy.py:5310
  never seen input type signature:
    a: i32[3],  indices: i32[]
  closest seen input type signature has 1 mismatches, including:
    * at a, seen i32[4], but now given i32[3]
WARNING:jax._src.dispatch:Finished tracing + transforming _squeeze for pjit in 0.00047588348388671875 sec
WARNING:jax._src.dispatch:Finished tracing + transforming _squeeze for pjit in 0.0004513263702392578 sec
WARNING:jax._src.dispatch:Finished tracing + transforming negative for pjit in 0.0004382133483886719 sec
WARNING:jax._src.dispatch:Finished tracing + transforming multiply for pjit in 0.0007240772247314453 sec
WARNING:jax._src.dispatch:Finished tracing + transforming multiply for pjit in 0.0008795261383056641 sec
WARNING:jax._src.dispatch:Finished tracing + transforming add for pjit in 0.0007989406585693359 sec
WARNING:jax._src.dispatch:Finished tracing + transforming multiply for pjit in 0.0008869171142578125 sec
WARNING:jax._src.dispatch:Finished tracing + transforming add for pjit in 0.0007476806640625 sec
WARNING:jax._src.dispatch:Finished tracing + transforming real for pjit in 0.0004551410675048828 sec
WARNING:jax._src.dispatch:Finished tracing + transforming sqrt for pjit in 0.0005419254302978516 sec
WARNING:jax._src.dispatch:Finished tracing + transforming multiply for pjit in 0.0007998943328857422 sec
WARNING:jax._src.dispatch:Finished tracing + transforming conjugate for pjit in 0.0004723072052001953 sec
WARNING:jax._src.dispatch:Finished tracing + transforming matmul for pjit in 0.0013227462768554688 sec
WARNING:jax._src.dispatch:Finished tracing + transforming matmul for pjit in 0.0012640953063964844 sec
WARNING:jax._src.dispatch:Finished tracing + transforming subtract for pjit in 0.0007002353668212891 sec
WARNING:jax._src.dispatch:Finished tracing + transforming multiply for pjit in 0.0007548332214355469 sec
WARNING:jax._src.dispatch:Finished tracing + transforming add for pjit in 0.0008256435394287109 sec
WARNING:jax._src.dispatch:Finished tracing + transforming kron for pjit in 0.0017421245574951172 sec
WARNING:jax._src.pjit:TRACING CACHE MISS at /home/antonio/dev/qdots_efficient/qdots_qll/models/models_scratch_for_drafting.py:49:15 (BaseClassDimension.sprepost) because:
  never seen function:
    kron id=127562474617120 defined at /home/antonio/miniconda3/envs/jax_qdots/lib/python3.12/site-packages/jax/_src/numpy/lax_numpy.py:4792
WARNING:jax._src.dispatch:Finished tracing + transforming sprepost for pjit in 0.0032689571380615234 sec
WARNING:jax._src.pjit:TRACING CACHE MISS at /home/antonio/dev/qdots_efficient/qdots_qll/models/models_scratch_for_drafting.py:54:15 (BaseClassDimension.spre) because:
  never seen function:
    BaseClassDimension.sprepost id=127561843364608 defined at /home/antonio/dev/qdots_efficient/qdots_qll/models/models_scratch_for_drafting.py:45
WARNING:jax._src.dispatch:Finished tracing + transforming spre for pjit in 0.005708456039428711 sec
WARNING:jax._src.pjit:TRACING CACHE MISS at /home/antonio/dev/qdots_efficient/qdots_qll/models/single_dot_weak_coupling_GAME.py:234:19 (SingleDotWeakCouplingGAME.make_bloch_matrix) because:
  never seen function:
    BaseClassDimension.spre id=127561843365728 defined at /home/antonio/dev/qdots_efficient/qdots_qll/models/models_scratch_for_drafting.py:51
WARNING:jax._src.dispatch:Finished tracing + transforming kron for pjit in 0.0017116069793701172 sec
WARNING:jax._src.pjit:TRACING CACHE MISS at /home/antonio/dev/qdots_efficient/qdots_qll/models/models_scratch_for_drafting.py:49:15 (BaseClassDimension.sprepost) because:
  for kron defined at /home/antonio/miniconda3/envs/jax_qdots/lib/python3.12/site-packages/jax/_src/numpy/lax_numpy.py:4792
  never seen input type signature:
    a: f32[2,2],  b: c64[2,2]
  closest seen input type signature has 2 mismatches, including:
    * at a, seen c64[2,2], but now given f32[2,2]
    * at b, seen f32[2,2], but now given c64[2,2]
WARNING:jax._src.dispatch:Finished tracing + transforming sprepost for pjit in 0.0033457279205322266 sec
WARNING:jax._src.pjit:TRACING CACHE MISS at /home/antonio/dev/qdots_efficient/qdots_qll/models/models_scratch_for_drafting.py:60:15 (BaseClassDimension.spost) because:
  for BaseClassDimension.sprepost defined at /home/antonio/dev/qdots_efficient/qdots_qll/models/models_scratch_for_drafting.py:45
  never seen input type signature
  closest seen input type signature has 2 mismatches, including:
    * at A, seen c64[2,2], but now given f32[2,2]
    * at B, seen f32[2,2], but now given c64[2,2]
WARNING:jax._src.dispatch:Finished tracing + transforming spost for pjit in 0.006033658981323242 sec
WARNING:jax._src.pjit:TRACING CACHE MISS at /home/antonio/dev/qdots_efficient/qdots_qll/models/single_dot_weak_coupling_GAME.py:234:39 (SingleDotWeakCouplingGAME.make_bloch_matrix) because:
  never seen function:
    BaseClassDimension.spost id=127561843366848 defined at /home/antonio/dev/qdots_efficient/qdots_qll/models/models_scratch_for_drafting.py:56
WARNING:jax._src.dispatch:Finished tracing + transforming subtract for pjit in 0.0006840229034423828 sec
WARNING:jax._src.dispatch:Finished tracing + transforming multiply for pjit in 0.0007343292236328125 sec
WARNING:jax._src.dispatch:Finished tracing + transforming kron for pjit in 0.0012822151184082031 sec
WARNING:jax._src.pjit:TRACING CACHE MISS at /home/antonio/dev/qdots_efficient/qdots_qll/models/models_scratch_for_drafting.py:49:15 (BaseClassDimension.sprepost) because:
  for kron defined at /home/antonio/miniconda3/envs/jax_qdots/lib/python3.12/site-packages/jax/_src/numpy/lax_numpy.py:4792
  never seen input type signature:
    a: c64[2,2],  b: c64[2,2]
  closest seen input type signature has 1 mismatches, including:
    * at b, seen f32[2,2], but now given c64[2,2]
WARNING:jax._src.dispatch:Finished tracing + transforming sprepost for pjit in 0.002925395965576172 sec
WARNING:jax._src.pjit:TRACING CACHE MISS at /home/antonio/dev/qdots_efficient/qdots_qll/models/single_dot_weak_coupling_GAME.py:235:14 (SingleDotWeakCouplingGAME.make_bloch_matrix) because:
  for BaseClassDimension.sprepost defined at /home/antonio/dev/qdots_efficient/qdots_qll/models/models_scratch_for_drafting.py:45
  never seen input type signature
  closest seen input type signature has 1 mismatches, including:
    * at B, seen f32[2,2], but now given c64[2,2]
WARNING:jax._src.dispatch:Finished tracing + transforming add for pjit in 0.0006616115570068359 sec
WARNING:jax._src.dispatch:Finished tracing + transforming matmul for pjit in 0.001142263412475586 sec
WARNING:jax._src.dispatch:Finished tracing + transforming multiply for pjit in 0.0008730888366699219 sec
WARNING:jax._src.dispatch:Finished tracing + transforming conjugate for pjit in 0.00045609474182128906 sec
WARNING:jax._src.dispatch:Finished tracing + transforming _einsum for pjit in 0.0018181800842285156 sec
WARNING:jax._src.dispatch:Finished tracing + transforming matmul for pjit in 0.0012466907501220703 sec
WARNING:jax._src.dispatch:Finished tracing + transforming multiply for pjit in 0.0007572174072265625 sec
WARNING:jax._src.dispatch:Finished tracing + transforming absolute for pjit in 0.0004405975341796875 sec
WARNING:jax._src.dispatch:Finished tracing + transforming _reduce_sum for pjit in 0.0008192062377929688 sec
WARNING:jax._src.dispatch:Finished tracing + transforming _reduce_max for pjit in 0.0010190010070800781 sec
WARNING:jax._src.dispatch:Finished tracing + transforming norm for pjit in 0.004835605621337891 sec
WARNING:jax._src.pjit:TRACING CACHE MISS at /home/antonio/dev/qdots_efficient/qdots_qll/models/single_dot_weak_coupling_GAME.py:275:16 (SingleDotWeakCouplingGAME.likelihood_particle) because:
  never seen function:
    norm id=127562469952704 defined at /home/antonio/miniconda3/envs/jax_qdots/lib/python3.12/site-packages/jax/_src/numpy/linalg.py:1020
WARNING:jax._src.dispatch:Finished tracing + transforming true_divide for pjit in 0.0008676052093505859 sec
WARNING:jax._src.dispatch:Finished tracing + transforming log2 for pjit in 0.0008542537689208984 sec
WARNING:jax._src.dispatch:Finished tracing + transforming floor for pjit in 0.0005166530609130859 sec
WARNING:jax._src.dispatch:Finished tracing + transforming maximum for pjit in 0.0008618831634521484 sec
WARNING:jax._src.dispatch:Finished tracing + transforming _power for pjit in 0.0010292530059814453 sec
WARNING:jax._src.dispatch:Finished tracing + transforming true_divide for pjit in 0.0006732940673828125 sec
WARNING:jax._src.dispatch:Finished tracing + transforming greater_equal for pjit in 0.0006573200225830078 sec
WARNING:jax._src.dispatch:Finished tracing + transforming _squeeze for pjit in 0.0003097057342529297 sec
WARNING:jax._src.dispatch:Finished tracing + transforming add for pjit in 0.0007081031799316406 sec
WARNING:jax._src.dispatch:Finished tracing + transforming not_equal for pjit in 0.0006275177001953125 sec
WARNING:jax._src.dispatch:Finished tracing + transforming not_equal for pjit in 0.0007331371307373047 sec
WARNING:jax._src.dispatch:Finished tracing + transforming op for pjit in 0.0006725788116455078 sec
WARNING:jax._src.dispatch:Finished tracing + transforming subtract for pjit in 0.0007143020629882812 sec
WARNING:jax._src.dispatch:Finished tracing + transforming floor_divide for pjit in 0.0067596435546875 sec
WARNING:jax._src.pjit:TRACING CACHE MISS at /home/antonio/dev/qdots_efficient/qdots_qll/models/single_dot_weak_coupling_GAME.py:275:16 (SingleDotWeakCouplingGAME.likelihood_particle) because:
  never seen function:
    floor_divide id=127562476884416 defined at /home/antonio/miniconda3/envs/jax_qdots/lib/python3.12/site-packages/jax/_src/numpy/ufuncs.py:283
  but seen another function defined on the same line; maybe the function is
  being re-defined repeatedly, preventing caching?
WARNING:jax._src.dispatch:Finished tracing + transforming searchsorted for pjit in 0.017244338989257812 sec
WARNING:jax._src.pjit:TRACING CACHE MISS at /home/antonio/dev/qdots_efficient/qdots_qll/models/single_dot_weak_coupling_GAME.py:275:16 (SingleDotWeakCouplingGAME.likelihood_particle) because:
  never seen function:
    searchsorted id=127562474818592 defined at /home/antonio/miniconda3/envs/jax_qdots/lib/python3.12/site-packages/jax/_src/numpy/lax_numpy.py:6493
  but seen another function defined on the same line; maybe the function is
  being re-defined repeatedly, preventing caching?
WARNING:jax._src.dispatch:Finished tracing + transforming subtract for pjit in 0.0007343292236328125 sec
WARNING:jax._src.dispatch:Finished tracing + transforming digitize for pjit in 0.025118350982666016 sec
WARNING:jax._src.pjit:TRACING CACHE MISS at /home/antonio/dev/qdots_efficient/qdots_qll/models/single_dot_weak_coupling_GAME.py:275:16 (SingleDotWeakCouplingGAME.likelihood_particle) because:
  never seen function:
    digitize id=127562474819872 defined at /home/antonio/miniconda3/envs/jax_qdots/lib/python3.12/site-packages/jax/_src/numpy/lax_numpy.py:6529
  but seen another function defined on the same line; maybe the function is
  being re-defined repeatedly, preventing caching?
WARNING:jax._src.dispatch:Finished tracing + transforming dot for pjit in 0.001104116439819336 sec
WARNING:jax._src.dispatch:Finished tracing + transforming negative for pjit in 0.00045800209045410156 sec
WARNING:jax._src.dispatch:Finished tracing + transforming _calc_P_Q for pjit in 0.06987118721008301 sec
WARNING:jax._src.pjit:TRACING CACHE MISS at /home/antonio/dev/qdots_efficient/qdots_qll/models/single_dot_weak_coupling_GAME.py:275:16 (SingleDotWeakCouplingGAME.likelihood_particle) because:
  never seen function:
    _calc_P_Q id=127561878646560 defined at /home/antonio/miniconda3/envs/jax_qdots/lib/python3.12/site-packages/jax/_src/scipy/linalg.py:1166
  but seen another function defined on the same line; maybe the function is
  being re-defined repeatedly, preventing caching?
WARNING:jax._src.dispatch:Finished tracing + transforming greater for pjit in 0.0008196830749511719 sec
WARNING:jax._src.dispatch:Finished tracing + transforming _squeeze for pjit in 0.0003185272216796875 sec
WARNING:jax._src.dispatch:Finished tracing + transforming _squeeze for pjit in 0.0005047321319580078 sec
WARNING:jax._src.dispatch:Finished tracing + transforming _squeeze for pjit in 0.0003070831298828125 sec
WARNING:jax._src.dispatch:Finished tracing + transforming _squeeze for pjit in 0.0003237724304199219 sec
WARNING:jax._src.dispatch:Finished tracing + transforming less for pjit in 0.0007381439208984375 sec
WARNING:jax._src.dispatch:Finished tracing + transforming _broadcast_arrays for pjit in 0.00041294097900390625 sec
WARNING:jax._src.dispatch:Finished tracing + transforming _lu_solve for pjit in 0.008131980895996094 sec
WARNING:jax._src.pjit:TRACING CACHE MISS at /home/antonio/dev/qdots_efficient/qdots_qll/models/single_dot_weak_coupling_GAME.py:275:16 (SingleDotWeakCouplingGAME.likelihood_particle) because:
  never seen function:
    _lu_solve id=127562470543648 defined at /home/antonio/miniconda3/envs/jax_qdots/lib/python3.12/site-packages/jax/_src/lax/linalg.py:1384
  but seen another function defined on the same line; maybe the function is
  being re-defined repeatedly, preventing caching?
WARNING:jax._src.dispatch:Finished tracing + transforming argsort for pjit in 0.0008091926574707031 sec
WARNING:jax._src.pjit:TRACING CACHE MISS at /home/antonio/dev/qdots_efficient/qdots_qll/models/single_dot_weak_coupling_GAME.py:275:16 (SingleDotWeakCouplingGAME.likelihood_particle) because:
  never seen function:
    argsort id=127562474695200 defined at /home/antonio/miniconda3/envs/jax_qdots/lib/python3.12/site-packages/jax/_src/numpy/lax_numpy.py:5051
  but seen another function defined on the same line; maybe the function is
  being re-defined repeatedly, preventing caching?
WARNING:jax._src.dispatch:Finished tracing + transforming _lu_solve for pjit in 0.006979227066040039 sec
WARNING:jax._src.pjit:TRACING CACHE MISS at /home/antonio/dev/qdots_efficient/qdots_qll/models/single_dot_weak_coupling_GAME.py:275:16 (SingleDotWeakCouplingGAME.likelihood_particle) because:
  for _lu_solve defined at /home/antonio/miniconda3/envs/jax_qdots/lib/python3.12/site-packages/jax/_src/lax/linalg.py:1384
explanation unavailable! please open an issue at https://github.com/google/jax
WARNING:jax._src.dispatch:Finished tracing + transforming solve for pjit in 0.04377460479736328 sec
WARNING:jax._src.pjit:TRACING CACHE MISS at /home/antonio/dev/qdots_efficient/qdots_qll/models/single_dot_weak_coupling_GAME.py:275:16 (SingleDotWeakCouplingGAME.likelihood_particle) because:
  never seen function:
    solve id=127562469955904 defined at /home/antonio/miniconda3/envs/jax_qdots/lib/python3.12/site-packages/jax/_src/numpy/linalg.py:1268
  but seen another function defined on the same line; maybe the function is
  being re-defined repeatedly, preventing caching?
WARNING:jax._src.dispatch:Finished tracing + transforming less for pjit in 0.0006225109100341797 sec
WARNING:jax._src.dispatch:Finished tracing + transforming _squaring for pjit in 0.004302978515625 sec
WARNING:jax._src.pjit:TRACING CACHE MISS at /home/antonio/dev/qdots_efficient/qdots_qll/models/single_dot_weak_coupling_GAME.py:275:16 (SingleDotWeakCouplingGAME.likelihood_particle) because:
  never seen function:
    _squaring id=127561878648160 defined at /home/antonio/miniconda3/envs/jax_qdots/lib/python3.12/site-packages/jax/_src/scipy/linalg.py:1206
  but seen another function defined on the same line; maybe the function is
  being re-defined repeatedly, preventing caching?
WARNING:jax._src.dispatch:Finished tracing + transforming expm for pjit in 0.12406063079833984 sec
WARNING:jax._src.pjit:TRACING CACHE MISS at /home/antonio/dev/qdots_efficient/qdots_qll/models/single_dot_weak_coupling_GAME.py:275:16 (SingleDotWeakCouplingGAME.likelihood_particle) because:
  never seen function:
    expm id=127561878645280 defined at /home/antonio/miniconda3/envs/jax_qdots/lib/python3.12/site-packages/jax/_src/scipy/linalg.py:1117
  but seen another function defined on the same line; maybe the function is
  being re-defined repeatedly, preventing caching?
WARNING:jax._src.dispatch:Finished tracing + transforming matmul for pjit in 0.0010776519775390625 sec
WARNING:jax._src.dispatch:Finished tracing + transforming _einsum for pjit in 0.0011725425720214844 sec
WARNING:jax._src.dispatch:Finished tracing + transforming real for pjit in 0.0004000663757324219 sec
WARNING:jax._src.dispatch:Finished tracing + transforming greater_equal for pjit in 0.000736236572265625 sec
WARNING:jax._src.dispatch:Finished tracing + transforming less_equal for pjit in 0.0007452964782714844 sec
WARNING:jax._src.dispatch:Finished tracing + transforming op for pjit in 0.0008325576782226562 sec
WARNING:jax._src.dispatch:Finished tracing + transforming absolute for pjit in 0.0004096031188964844 sec
WARNING:jax._src.dispatch:Finished tracing + transforming multiply for pjit in 0.0007562637329101562 sec
WARNING:jax._src.dispatch:Finished tracing + transforming _broadcast_arrays for pjit in 0.0003790855407714844 sec
WARNING:jax._src.dispatch:Finished tracing + transforming _where for pjit in 0.0014619827270507812 sec
WARNING:jax._src.pjit:TRACING CACHE MISS at /home/antonio/dev/qdots_efficient/qdots_qll/models/single_dot_weak_coupling_GAME.py:38:40 (<lambda>) because:
  for _where defined at /home/antonio/miniconda3/envs/jax_qdots/lib/python3.12/site-packages/jax/_src/numpy/util.py:441
  never seen input type signature:
    condition: bool[4,3,2],  x: f32[4,3,2],  y: f32[4,3,2]
  closest seen input type signature has 3 mismatches, including:
    * at condition, seen bool[], but now given bool[4,3,2]
    * at x, seen i32[], but now given f32[4,3,2]
    * at y, seen i32[], but now given f32[4,3,2]
WARNING:jax._src.dispatch:Finished tracing + transforming isnan for pjit in 0.000423431396484375 sec
WARNING:jax._src.dispatch:Finished tracing + transforming invert for pjit in 0.00042319297790527344 sec
WARNING:jax._src.dispatch:Finished tracing + transforming _cumulative_reduction for pjit in 0.0007081031799316406 sec
WARNING:jax._src.pjit:TRACING CACHE MISS at /home/antonio/dev/qdots_efficient/qdots_qll/models/single_dot_weak_coupling_GAME.py:379:15 (SingleDotWeakCouplingGAME.measure_one_experiment) because:
  never seen function:
    _make_cumulative_reduction.<locals>._cumulative_reduction id=127562474215744 defined at /home/antonio/miniconda3/envs/jax_qdots/lib/python3.12/site-packages/jax/_src/numpy/reductions.py:679
WARNING:jax._src.dispatch:Finished tracing + transforming subtract for pjit in 0.0007827281951904297 sec
WARNING:jax._src.dispatch:Finished tracing + transforming searchsorted for pjit in 0.008707284927368164 sec
WARNING:jax._src.pjit:TRACING CACHE MISS at /home/antonio/dev/qdots_efficient/qdots_qll/models/single_dot_weak_coupling_GAME.py:379:15 (SingleDotWeakCouplingGAME.measure_one_experiment) because:
  for searchsorted defined at /home/antonio/miniconda3/envs/jax_qdots/lib/python3.12/site-packages/jax/_src/numpy/lax_numpy.py:6493
explanation unavailable! please open an issue at https://github.com/google/jax
WARNING:jax._src.dispatch:Finished tracing + transforming _take for pjit in 0.002485990524291992 sec
WARNING:jax._src.pjit:TRACING CACHE MISS at /home/antonio/dev/qdots_efficient/qdots_qll/models/single_dot_weak_coupling_GAME.py:379:15 (SingleDotWeakCouplingGAME.measure_one_experiment) because:
  for _take defined at /home/antonio/miniconda3/envs/jax_qdots/lib/python3.12/site-packages/jax/_src/numpy/lax_numpy.py:5310
  never seen input type signature:
    a: i32[2],  indices: i32[]
  closest seen input type signature has 1 mismatches, including:
    * at a, seen i32[4], but now given i32[2]
WARNING:jax._src.dispatch:Finished tracing + transforming ravel for pjit in 0.0003571510314941406 sec
WARNING:jax._src.dispatch:Finished tracing + transforming append for pjit in 0.0016503334045410156 sec
WARNING:jax._src.pjit:TRACING CACHE MISS at /home/antonio/dev/qdots_efficient/qdots_qll/models/single_dot_weak_coupling_GAME.py:159:23 (ExperimentSingleDotWeakCouplingGAME.append.<locals>.append_if_array) because:
  never seen function:
    append id=127562474605600 defined at /home/antonio/miniconda3/envs/jax_qdots/lib/python3.12/site-packages/jax/_src/numpy/lax_numpy.py:3612
WARNING:jax._src.dispatch:Finished tracing + transforming ravel for pjit in 0.0003638267517089844 sec
WARNING:jax._src.dispatch:Finished tracing + transforming append for pjit in 0.0016460418701171875 sec
WARNING:jax._src.pjit:TRACING CACHE MISS at /home/antonio/dev/qdots_efficient/qdots_qll/models/single_dot_weak_coupling_GAME.py:159:23 (ExperimentSingleDotWeakCouplingGAME.append.<locals>.append_if_array) because:
  for append defined at /home/antonio/miniconda3/envs/jax_qdots/lib/python3.12/site-packages/jax/_src/numpy/lax_numpy.py:3612
  never seen input type signature:
    arr: i32[1],  values: i32[1]
  closest seen input type signature has 2 mismatches, including:
    * at arr, seen f32[1], but now given i32[1]
    * at values, seen f32[1], but now given i32[1]
WARNING:jax._src.dispatch:Finished tracing + transforming less for pjit in 0.000823974609375 sec
WARNING:jax._src.dispatch:Finished tracing + transforming _broadcast_arrays for pjit in 0.00032520294189453125 sec
WARNING:jax._src.dispatch:Finished tracing + transforming log for pjit in 0.0005166530609130859 sec
WARNING:jax._src.dispatch:Finished tracing + transforming _squeeze for pjit in 0.00044608116149902344 sec
WARNING:jax._src.dispatch:Finished tracing + transforming _squeeze for pjit in 0.0003254413604736328 sec
WARNING:jax._src.dispatch:Finished tracing + transforming add for pjit in 0.0006396770477294922 sec
WARNING:jax._src.dispatch:Finished tracing + transforming multiply for pjit in 0.0008113384246826172 sec
WARNING:jax._src.dispatch:Finished tracing + transforming exp for pjit in 0.0004775524139404297 sec
WARNING:jax._src.dispatch:Finished tracing + transforming _reduce_sum for pjit in 0.000911712646484375 sec
WARNING:jax._src.dispatch:Finished tracing + transforming true_divide for pjit in 0.0007762908935546875 sec
WARNING:jax._src.dispatch:Finished tracing + transforming less_equal for pjit in 0.0007262229919433594 sec
WARNING:jax._src.dispatch:Finished tracing + transforming true_divide for pjit in 0.0007989406585693359 sec
WARNING:jax._src.dispatch:Finished tracing + transforming _cumulative_reduction for pjit in 0.0005521774291992188 sec
WARNING:jax._src.pjit:TRACING CACHE MISS at /home/antonio/dev/qdots_efficient/qdots_qll/resamplers.py:242:19 (MetropolisSampler.multinomial_importance_sampling) because:
  for _make_cumulative_reduction.<locals>._cumulative_reduction defined at /home/antonio/miniconda3/envs/jax_qdots/lib/python3.12/site-packages/jax/_src/numpy/reductions.py:679
  never seen input type signature:
    a: f32[500]
  closest seen input type signature has 1 mismatches, including:
    * at a, seen f32[2], but now given f32[500]
WARNING:jax._src.dispatch:Finished tracing + transforming subtract for pjit in 0.0006539821624755859 sec
WARNING:jax._src.dispatch:Finished tracing + transforming multiply for pjit in 0.0006270408630371094 sec
WARNING:jax._src.dispatch:Finished tracing + transforming add for pjit in 0.0006315708160400391 sec
WARNING:jax._src.dispatch:Finished tracing + transforming _uniform for pjit in 0.006625175476074219 sec
WARNING:jax._src.pjit:TRACING CACHE MISS at /home/antonio/dev/qdots_efficient/qdots_qll/resamplers.py:242:19 (MetropolisSampler.multinomial_importance_sampling) because:
  for _uniform defined at /home/antonio/miniconda3/envs/jax_qdots/lib/python3.12/site-packages/jax/_src/random.py:400
explanation unavailable! please open an issue at https://github.com/google/jax
WARNING:jax._src.dispatch:Finished tracing + transforming subtract for pjit in 0.0007679462432861328 sec
WARNING:jax._src.dispatch:Finished tracing + transforming multiply for pjit in 0.0006420612335205078 sec
WARNING:jax._src.dispatch:Finished tracing + transforming _squeeze for pjit in 0.00030994415283203125 sec
WARNING:jax._src.dispatch:Finished tracing + transforming searchsorted for pjit in 0.022177934646606445 sec
WARNING:jax._src.pjit:TRACING CACHE MISS at /home/antonio/dev/qdots_efficient/qdots_qll/resamplers.py:242:19 (MetropolisSampler.multinomial_importance_sampling) because:
  for searchsorted defined at /home/antonio/miniconda3/envs/jax_qdots/lib/python3.12/site-packages/jax/_src/numpy/lax_numpy.py:6493
  never seen input type signature:
    a: f32[500],  v: f32[500]
  closest seen input type signature has 2 mismatches, including:
    * at a, seen f32[2], but now given f32[500]
    * at v, seen f32[], but now given f32[500]
WARNING:jax._src.dispatch:Finished tracing + transforming less for pjit in 0.0007610321044921875 sec
WARNING:jax._src.dispatch:Finished tracing + transforming add for pjit in 0.0007138252258300781 sec
WARNING:jax._src.dispatch:Finished tracing + transforming _broadcast_arrays for pjit in 0.0003857612609863281 sec
WARNING:jax._src.dispatch:Finished tracing + transforming _where for pjit in 0.0014858245849609375 sec
WARNING:jax._src.pjit:TRACING CACHE MISS at /home/antonio/dev/qdots_efficient/qdots_qll/resamplers.py:242:19 (MetropolisSampler.multinomial_importance_sampling) because:
  for _where defined at /home/antonio/miniconda3/envs/jax_qdots/lib/python3.12/site-packages/jax/_src/numpy/util.py:441
  never seen input type signature:
    condition: bool[500],  x: i32[500],  y: i32[500]
  closest seen input type signature has 3 mismatches, including:
    * at condition, seen bool[], but now given bool[500]
    * at x, seen i32[], but now given i32[500]
    * at y, seen i32[], but now given i32[500]
WARNING:jax._src.dispatch:Finished tracing + transforming _take for pjit in 0.007730007171630859 sec
WARNING:jax._src.pjit:TRACING CACHE MISS at /home/antonio/dev/qdots_efficient/qdots_qll/resamplers.py:242:19 (MetropolisSampler.multinomial_importance_sampling) because:
  for _take defined at /home/antonio/miniconda3/envs/jax_qdots/lib/python3.12/site-packages/jax/_src/numpy/lax_numpy.py:5310
  never seen input type signature:
    a: f32[500,4],  indices: i32[500]
  closest seen input type signature has 2 mismatches, including:
    * at a, seen i32[4], but now given f32[500,4]
    * at indices, seen i32[], but now given i32[500]
WARNING:jax._src.dispatch:Finished tracing + transforming _einsum for pjit in 0.0023260116577148438 sec
WARNING:jax._src.dispatch:Finished tracing + transforming _einsum for pjit in 0.0031130313873291016 sec
WARNING:jax._src.dispatch:Finished tracing + transforming subtract for pjit in 0.0006470680236816406 sec
WARNING:jax._src.dispatch:Finished tracing + transforming _moveaxis for pjit in 0.0003342628479003906 sec
WARNING:jax._src.dispatch:Finished tracing + transforming _broadcast_arrays for pjit in 0.0003535747528076172 sec
WARNING:jax._src.dispatch:Finished tracing + transforming diagonal for pjit in 0.0057713985443115234 sec
WARNING:jax._src.pjit:TRACING CACHE MISS at /home/antonio/dev/qdots_efficient/qdots_qll/resamplers.py:254:14 (MetropolisSampler.generate_proposals) because:
  never seen function:
    diagonal id=127562474602560 defined at /home/antonio/miniconda3/envs/jax_qdots/lib/python3.12/site-packages/jax/_src/numpy/lax_numpy.py:3529
WARNING:jax._src.dispatch:Finished tracing + transforming _diag for pjit in 0.006781339645385742 sec
WARNING:jax._src.pjit:TRACING CACHE MISS at /home/antonio/dev/qdots_efficient/qdots_qll/resamplers.py:254:14 (MetropolisSampler.generate_proposals) because:
  never seen function:
    _diag id=127562474568448 defined at /home/antonio/miniconda3/envs/jax_qdots/lib/python3.12/site-packages/jax/_src/numpy/lax_numpy.py:3552
  but seen another function defined on the same line; maybe the function is
  being re-defined repeatedly, preventing caching?
WARNING:jax._src.dispatch:Finished tracing + transforming sqrt for pjit in 0.0005180835723876953 sec
WARNING:jax._src.dispatch:Finished tracing + transforming multiply for pjit in 0.0007791519165039062 sec
WARNING:jax._src.dispatch:Finished tracing + transforming subtract for pjit in 0.001119852066040039 sec
WARNING:jax._src.dispatch:Finished tracing + transforming true_divide for pjit in 0.0010981559753417969 sec
WARNING:jax._src.dispatch:Finished tracing + transforming true_divide for pjit in 0.0006699562072753906 sec
WARNING:jax._src.dispatch:Finished tracing + transforming subtract for pjit in 0.00078582763671875 sec
WARNING:jax._src.dispatch:Finished tracing + transforming subtract for pjit in 0.0006647109985351562 sec
WARNING:jax._src.dispatch:Finished tracing + transforming multiply for pjit in 0.0006642341613769531 sec
WARNING:jax._src.dispatch:Finished tracing + transforming add for pjit in 0.0006401538848876953 sec
WARNING:jax._src.dispatch:Finished tracing + transforming _uniform for pjit in 0.006659030914306641 sec
WARNING:jax._src.pjit:TRACING CACHE MISS at /home/antonio/dev/qdots_efficient/qdots_qll/resamplers.py:260:10 (MetropolisSampler.generate_proposals) because:
  for _uniform defined at /home/antonio/miniconda3/envs/jax_qdots/lib/python3.12/site-packages/jax/_src/random.py:400
  never seen input type signature:
    key: key<fry>[],  minval: f32[500,4],  maxval: f32[500,4]
  closest seen input type signature has 2 mismatches, including:
    * at minval, seen f32[4], but now given f32[500,4]
    * at maxval, seen f32[4], but now given f32[500,4]
WARNING:jax._src.dispatch:Finished tracing + transforming multiply for pjit in 0.0006401538848876953 sec
WARNING:jax._src.dispatch:Finished tracing + transforming maximum for pjit in 0.0010378360748291016 sec
WARNING:jax._src.dispatch:Finished tracing + transforming minimum for pjit in 0.0009725093841552734 sec
WARNING:jax._src.dispatch:Finished tracing + transforming clip for pjit in 0.003639698028564453 sec
WARNING:jax._src.pjit:TRACING CACHE MISS at /home/antonio/dev/qdots_efficient/qdots_qll/resamplers.py:260:10 (MetropolisSampler.generate_proposals) because:
  for clip defined at /home/antonio/miniconda3/envs/jax_qdots/lib/python3.12/site-packages/jax/_src/numpy/lax_numpy.py:1550
  never seen input type signature:
    x: f32[1,500,4],  min: f32[500,4],  max: f32[500,4]
  closest seen input type signature has 3 mismatches, including:
    * at x, seen f32[500,4], but now given f32[1,500,4]
    * at min, seen f32[4], but now given f32[500,4]
    * at max, seen f32[4], but now given f32[500,4]
WARNING:jax._src.dispatch:Finished tracing + transforming _truncated_normal for pjit in 0.017429828643798828 sec
WARNING:jax._src.pjit:TRACING CACHE MISS at /home/antonio/dev/qdots_efficient/qdots_qll/resamplers.py:260:10 (MetropolisSampler.generate_proposals) because:
  for _truncated_normal defined at /home/antonio/miniconda3/envs/jax_qdots/lib/python3.12/site-packages/jax/_src/random.py:860
  never seen input type signature:
    key: key<fry>[],  lower: f32[500,4],  upper: f32[500,4]
  closest seen input type signature has 2 mismatches, including:
    * at lower, seen f32[4], but now given f32[500,4]
    * at upper, seen f32[4], but now given f32[500,4]
WARNING:jax._src.dispatch:Finished tracing + transforming multiply for pjit in 0.0011653900146484375 sec
WARNING:jax._src.dispatch:Finished tracing + transforming add for pjit in 0.001153707504272461 sec
WARNING:jax._src.dispatch:Finished tracing + transforming log for pjit in 0.0005381107330322266 sec
WARNING:jax._src.dispatch:Finished tracing + transforming _squeeze for pjit in 0.0003571510314941406 sec
WARNING:jax._src.dispatch:Finished tracing + transforming _squeeze for pjit in 0.00031256675720214844 sec
WARNING:jax._src.dispatch:Finished tracing + transforming add for pjit in 0.0008544921875 sec
WARNING:jax._src.dispatch:Finished tracing + transforming _reduce_max for pjit in 0.0008835792541503906 sec
WARNING:jax._src.dispatch:Finished tracing + transforming subtract for pjit in 0.0006771087646484375 sec
WARNING:jax._src.dispatch:Finished tracing + transforming less for pjit in 0.0006196498870849609 sec
WARNING:jax._src.dispatch:Finished tracing + transforming _broadcast_arrays for pjit in 0.0013587474822998047 sec
WARNING:jax._src.dispatch:Finished tracing + transforming _where for pjit in 0.002655506134033203 sec
WARNING:jax._src.pjit:TRACING CACHE MISS at /home/antonio/dev/qdots_efficient/qdots_qll/resamplers.py:230:24 (MetropolisSampler.resample) because:
  for _where defined at /home/antonio/miniconda3/envs/jax_qdots/lib/python3.12/site-packages/jax/_src/numpy/util.py:441
  never seen input type signature:
    condition: bool[500,1],  x: f32[500,4],  y: f32[500,4]
  closest seen input type signature has 3 mismatches, including:
    * at condition, seen bool[], but now given bool[500,1]
    * at x, seen i32[], but now given f32[500,4]
    * at y, seen i32[], but now given f32[500,4]
WARNING:jax._src.dispatch:Finished tracing + transforming resample for pjit in 0.5518941879272461 sec
WARNING:jax._src.pjit:TRACING CACHE MISS at /home/antonio/dev/qdots_efficient/qdots_qll/smc.py:751:29 (_aux_fun_resample) because:
  never seen function:
    MetropolisSampler.resample id=127561841055744 defined at /home/antonio/dev/qdots_efficient/qdots_qll/resamplers.py:211
WARNING:jax._src.dispatch:Finished tracing + transforming step for pjit in 1.0547494888305664 sec
WARNING:jax._src.pjit:TRACING CACHE MISS at /home/antonio/dev/qdots_efficient/profiling/step_abstraction.py:113:22 (<module>) because:
  never seen function:
    SMCUpdater.step id=127561839296896 defined at /home/antonio/dev/qdots_efficient/qdots_qll/smc.py:684
WARNING:jax._src.interpreters.pxla:Compiling step for with global shapes and types [ShapedArray(float32[], weak_type=True), ShapedArray(float32[4]), ShapedArray(float32[4,4]), ShapedArray(float32[3,2,4]), ShapedArray(float32[2,2], weak_type=True), ShapedArray(float32[2,2], weak_type=True), ShapedArray(float32[2,2], weak_type=True), ShapedArray(complex64[4,4]), ShapedArray(complex64[4,4]), ShapedArray(int32[], weak_type=True), ShapedArray(float32[4,2]), ShapedArray(float32[], weak_type=True), ShapedArray(float32[4,4]), ShapedArray(float32[3,2,4]), ShapedArray(float32[2,2], weak_type=True), ShapedArray(float32[2,2], weak_type=True), ShapedArray(float32[2,2], weak_type=True), ShapedArray(complex64[4,4]), ShapedArray(complex64[4,4]), ShapedArray(float32[1]), ShapedArray(int32[1]), ShapedArray(int32[1]), ShapedArray(int32[1]), ShapedArray(float32[500,4]), ShapedArray(float32[500]), ShapedArray(key<fry>[])]. Argument mapping: [UnspecifiedValue, UnspecifiedValue, UnspecifiedValue, UnspecifiedValue, UnspecifiedValue, UnspecifiedValue, UnspecifiedValue, UnspecifiedValue, UnspecifiedValue, UnspecifiedValue, UnspecifiedValue, UnspecifiedValue, UnspecifiedValue, UnspecifiedValue, UnspecifiedValue, UnspecifiedValue, UnspecifiedValue, UnspecifiedValue, UnspecifiedValue, UnspecifiedValue, UnspecifiedValue, UnspecifiedValue, UnspecifiedValue, UnspecifiedValue, UnspecifiedValue, UnspecifiedValue].
WARNING:jax._src.dispatch:Finished tracing + transforming ravel for pjit in 0.0003476142883300781 sec
WARNING:jax._src.dispatch:Finished tracing + transforming threefry_2x32 for pjit in 0.003118753433227539 sec
WARNING:jax._src.dispatch:Finished tracing + transforming _threefry_random_bits_original for pjit in 0.005586385726928711 sec
WARNING:jax._src.dispatch:Finished tracing + transforming add for pjit in 0.0011713504791259766 sec
WARNING:jax._src.dispatch:Finished tracing + transforming add for pjit in 0.0012798309326171875 sec
WARNING:jax._src.dispatch:Finished tracing + transforming bitwise_or for pjit in 0.0009145736694335938 sec
WARNING:jax._src.dispatch:Finished tracing + transforming bitwise_xor for pjit in 0.0011472702026367188 sec
WARNING:jax._src.dispatch:Finished tracing + transforming subtract for pjit in 0.0008080005645751953 sec
WARNING:jax._src.dispatch:Finished tracing + transforming negative for pjit in 0.000431060791015625 sec
WARNING:jax._src.dispatch:Finished tracing + transforming negative for pjit in 0.00042247772216796875 sec
WARNING:jax._src.dispatch:Finished tracing + transforming less for pjit in 0.0006129741668701172 sec
WARNING:jax._src.dispatch:Finished tracing + transforming add for pjit in 0.0005621910095214844 sec
WARNING:jax._src.dispatch:Finished tracing + transforming add for pjit in 0.0007650852203369141 sec
WARNING:jax._src.dispatch:Finished tracing + transforming negative for pjit in 0.0004324913024902344 sec
WARNING:jax._src.dispatch:Finished tracing + transforming ravel for pjit in 0.00034546852111816406 sec
WARNING:jax._src.dispatch:Finished tracing + transforming threefry_2x32 for pjit in 0.0024979114532470703 sec
WARNING:jax._src.dispatch:Finished tracing + transforming _threefry_random_bits_original for pjit in 0.003735065460205078 sec
WARNING:jax._src.dispatch:Finished tracing + transforming add for pjit in 0.0005810260772705078 sec
WARNING:jax._src.dispatch:Finished tracing + transforming add for pjit in 0.0006024837493896484 sec
WARNING:jax._src.dispatch:Finished tracing + transforming bitwise_or for pjit in 0.0007121562957763672 sec
WARNING:jax._src.dispatch:Finished tracing + transforming bitwise_xor for pjit in 0.0005652904510498047 sec
WARNING:jax._src.dispatch:Finished tracing + transforming _threefry_random_bits_original for pjit in 0.001209259033203125 sec
WARNING:jax._src.dispatch:Finished jaxpr to MLIR module conversion jit(step) in 1.0819242000579834 sec
DEBUG:jax._src.compiler:get_compile_options: num_replicas=1 num_partitions=1 device_assignment=[[cuda(id=0)]]
DEBUG:jax._src.compiler:get_compile_options XLA-AutoFDO profile: using XLA-AutoFDO profile version -1
DEBUG:jax._src.compiler:Persistent compilation cache hit for 'jit_step'
WARNING:jax._src.dispatch:Finished XLA compilation of jit(step) in 0.3063647747039795 sec
WARNING:jax._src.dispatch:Finished tracing + transforming ravel for pjit in 0.0003337860107421875 sec
WARNING:jax._src.dispatch:Finished tracing + transforming append for pjit in 0.0016086101531982422 sec
WARNING:jax._src.pjit:TRACING CACHE MISS at /home/antonio/dev/qdots_efficient/qdots_qll/models/single_dot_weak_coupling_GAME.py:159:23 (ExperimentSingleDotWeakCouplingGAME.append.<locals>.append_if_array) because:
  for append defined at /home/antonio/miniconda3/envs/jax_qdots/lib/python3.12/site-packages/jax/_src/numpy/lax_numpy.py:3612
  never seen input type signature:
    arr: f32[2],  values: f32[1]
  closest seen input type signature has 1 mismatches, including:
    * at arr, seen f32[1], but now given f32[2]
WARNING:jax._src.dispatch:Finished tracing + transforming ravel for pjit in 0.0003249645233154297 sec
WARNING:jax._src.dispatch:Finished tracing + transforming append for pjit in 0.0014941692352294922 sec
WARNING:jax._src.pjit:TRACING CACHE MISS at /home/antonio/dev/qdots_efficient/qdots_qll/models/single_dot_weak_coupling_GAME.py:159:23 (ExperimentSingleDotWeakCouplingGAME.append.<locals>.append_if_array) because:
  for append defined at /home/antonio/miniconda3/envs/jax_qdots/lib/python3.12/site-packages/jax/_src/numpy/lax_numpy.py:3612
  never seen input type signature:
    arr: i32[2],  values: i32[1]
  closest seen input type signature has 1 mismatches, including:
    * at arr, seen i32[1], but now given i32[2]
WARNING:jax._src.dispatch:Finished tracing + transforming _reduce_max for pjit in 0.0008454322814941406 sec
WARNING:jax._src.dispatch:Finished tracing + transforming resample for pjit in 0.45252275466918945 sec
WARNING:jax._src.pjit:TRACING CACHE MISS at /home/antonio/dev/qdots_efficient/qdots_qll/smc.py:751:29 (_aux_fun_resample) because:
  for MetropolisSampler.resample defined at /home/antonio/dev/qdots_efficient/qdots_qll/resamplers.py:211
  never seen input type signature
  closest seen input type signature has 4 mismatches, including:
    * at subkey, seen f32[2], but now given f32[3]
    * at distribution.particles_locations, seen i32[2], but now given i32[3]
    * at distribution.log_weights, seen i32[2], but now given i32[3]
    * at data.experiment.time, seen i32[2], but now given i32[3]
WARNING:jax._src.dispatch:Finished tracing + transforming step for pjit in 0.5778427124023438 sec
WARNING:jax._src.pjit:TRACING CACHE MISS at /home/antonio/dev/qdots_efficient/profiling/step_abstraction.py:117:26 (<module>) because:
  for SMCUpdater.step defined at /home/antonio/dev/qdots_efficient/qdots_qll/smc.py:684
  never seen input type signature
  closest seen input type signature has 4 mismatches, including:
    * at iteration, seen f32[1], but now given f32[2]
    * at key, seen i32[1], but now given i32[2]
    * at dist.particles_locations, seen i32[1], but now given i32[2]
    * at dist.log_weights, seen i32[1], but now given i32[2]
WARNING:jax._src.interpreters.pxla:Compiling step for with global shapes and types [ShapedArray(float32[], weak_type=True), ShapedArray(float32[4]), ShapedArray(float32[4,4]), ShapedArray(float32[3,2,4]), ShapedArray(float32[2,2], weak_type=True), ShapedArray(float32[2,2], weak_type=True), ShapedArray(float32[2,2], weak_type=True), ShapedArray(complex64[4,4]), ShapedArray(complex64[4,4]), ShapedArray(int32[], weak_type=True), ShapedArray(float32[4,2]), ShapedArray(float32[], weak_type=True), ShapedArray(float32[4,4]), ShapedArray(float32[3,2,4]), ShapedArray(float32[2,2], weak_type=True), ShapedArray(float32[2,2], weak_type=True), ShapedArray(float32[2,2], weak_type=True), ShapedArray(complex64[4,4]), ShapedArray(complex64[4,4]), ShapedArray(float32[2]), ShapedArray(int32[2]), ShapedArray(int32[2]), ShapedArray(int32[2]), ShapedArray(float32[500,4]), ShapedArray(float32[500]), ShapedArray(key<fry>[])]. Argument mapping: [UnspecifiedValue, UnspecifiedValue, UnspecifiedValue, UnspecifiedValue, UnspecifiedValue, UnspecifiedValue, UnspecifiedValue, UnspecifiedValue, UnspecifiedValue, UnspecifiedValue, UnspecifiedValue, UnspecifiedValue, UnspecifiedValue, UnspecifiedValue, UnspecifiedValue, UnspecifiedValue, UnspecifiedValue, UnspecifiedValue, UnspecifiedValue, UnspecifiedValue, UnspecifiedValue, UnspecifiedValue, UnspecifiedValue, UnspecifiedValue, UnspecifiedValue, UnspecifiedValue].
WARNING:jax._src.dispatch:Finished jaxpr to MLIR module conversion jit(step) in 1.0605430603027344 sec
DEBUG:jax._src.compiler:get_compile_options: num_replicas=1 num_partitions=1 device_assignment=[[cuda(id=0)]]
DEBUG:jax._src.compiler:get_compile_options XLA-AutoFDO profile: using XLA-AutoFDO profile version -1
DEBUG:jax._src.compiler:Persistent compilation cache hit for 'jit_step'
WARNING:jax._src.dispatch:Finished XLA compilation of jit(step) in 0.322268009185791 sec
WARNING:jax._src.dispatch:Finished tracing + transforming ravel for pjit in 0.00040268898010253906 sec
WARNING:jax._src.dispatch:Finished tracing + transforming append for pjit in 0.0018818378448486328 sec
WARNING:jax._src.pjit:TRACING CACHE MISS at /home/antonio/dev/qdots_efficient/qdots_qll/models/single_dot_weak_coupling_GAME.py:159:23 (ExperimentSingleDotWeakCouplingGAME.append.<locals>.append_if_array) because:
  for append defined at /home/antonio/miniconda3/envs/jax_qdots/lib/python3.12/site-packages/jax/_src/numpy/lax_numpy.py:3612
  never seen input type signature:
    arr: f32[3],  values: f32[1]
  closest seen input type signature has 1 mismatches, including:
    * at arr, seen f32[1], but now given f32[3]
WARNING:jax._src.dispatch:Finished tracing + transforming ravel for pjit in 0.0003857612609863281 sec
WARNING:jax._src.dispatch:Finished tracing + transforming append for pjit in 0.001958608627319336 sec
WARNING:jax._src.pjit:TRACING CACHE MISS at /home/antonio/dev/qdots_efficient/qdots_qll/models/single_dot_weak_coupling_GAME.py:159:23 (ExperimentSingleDotWeakCouplingGAME.append.<locals>.append_if_array) because:
  for append defined at /home/antonio/miniconda3/envs/jax_qdots/lib/python3.12/site-packages/jax/_src/numpy/lax_numpy.py:3612
  never seen input type signature:
    arr: i32[3],  values: i32[1]
  closest seen input type signature has 1 mismatches, including:
    * at arr, seen i32[1], but now given i32[3]
WARNING:jax._src.dispatch:Finished tracing + transforming _reduce_max for pjit in 0.001256704330444336 sec
WARNING:jax._src.dispatch:Finished tracing + transforming resample for pjit in 0.542952299118042 sec
WARNING:jax._src.pjit:TRACING CACHE MISS at /home/antonio/dev/qdots_efficient/qdots_qll/smc.py:751:29 (_aux_fun_resample) because:
  for MetropolisSampler.resample defined at /home/antonio/dev/qdots_efficient/qdots_qll/resamplers.py:211
  never seen input type signature
  closest seen input type signature has 4 mismatches, including:
    * at subkey, seen f32[2], but now given f32[4]
    * at distribution.particles_locations, seen i32[2], but now given i32[4]
    * at distribution.log_weights, seen i32[2], but now given i32[4]
    * at data.experiment.time, seen i32[2], but now given i32[4]
WARNING:jax._src.dispatch:Finished tracing + transforming step for pjit in 0.7120926380157471 sec
WARNING:jax._src.pjit:TRACING CACHE MISS at /home/antonio/dev/qdots_efficient/profiling/step_abstraction.py:117:26 (<module>) because:
  for SMCUpdater.step defined at /home/antonio/dev/qdots_efficient/qdots_qll/smc.py:684
  never seen input type signature
  closest seen input type signature has 4 mismatches, including:
    * at iteration, seen f32[1], but now given f32[3]
    * at key, seen i32[1], but now given i32[3]
    * at dist.particles_locations, seen i32[1], but now given i32[3]
    * at dist.log_weights, seen i32[1], but now given i32[3]
WARNING:jax._src.interpreters.pxla:Compiling step for with global shapes and types [ShapedArray(float32[], weak_type=True), ShapedArray(float32[4]), ShapedArray(float32[4,4]), ShapedArray(float32[3,2,4]), ShapedArray(float32[2,2], weak_type=True), ShapedArray(float32[2,2], weak_type=True), ShapedArray(float32[2,2], weak_type=True), ShapedArray(complex64[4,4]), ShapedArray(complex64[4,4]), ShapedArray(int32[], weak_type=True), ShapedArray(float32[4,2]), ShapedArray(float32[], weak_type=True), ShapedArray(float32[4,4]), ShapedArray(float32[3,2,4]), ShapedArray(float32[2,2], weak_type=True), ShapedArray(float32[2,2], weak_type=True), ShapedArray(float32[2,2], weak_type=True), ShapedArray(complex64[4,4]), ShapedArray(complex64[4,4]), ShapedArray(float32[3]), ShapedArray(int32[3]), ShapedArray(int32[3]), ShapedArray(int32[3]), ShapedArray(float32[500,4]), ShapedArray(float32[500]), ShapedArray(key<fry>[])]. Argument mapping: [UnspecifiedValue, UnspecifiedValue, UnspecifiedValue, UnspecifiedValue, UnspecifiedValue, UnspecifiedValue, UnspecifiedValue, UnspecifiedValue, UnspecifiedValue, UnspecifiedValue, UnspecifiedValue, UnspecifiedValue, UnspecifiedValue, UnspecifiedValue, UnspecifiedValue, UnspecifiedValue, UnspecifiedValue, UnspecifiedValue, UnspecifiedValue, UnspecifiedValue, UnspecifiedValue, UnspecifiedValue, UnspecifiedValue, UnspecifiedValue, UnspecifiedValue, UnspecifiedValue].
WARNING:jax._src.dispatch:Finished jaxpr to MLIR module conversion jit(step) in 1.026123046875 sec
DEBUG:jax._src.compiler:get_compile_options: num_replicas=1 num_partitions=1 device_assignment=[[cuda(id=0)]]
DEBUG:jax._src.compiler:get_compile_options XLA-AutoFDO profile: using XLA-AutoFDO profile version -1
DEBUG:jax._src.compiler:'jit_step' took at least 0.00 seconds to compile (6.31s)
INFO:jax._src.compilation_cache:Writing jit_step to persistent compilation cache with key jit_step-5706e605141b12e811a66abcc3a5d574981f5056b71e93fb96dda3b2e53c8f56.
WARNING:jax._src.dispatch:Finished XLA compilation of jit(step) in 6.450654029846191 sec
WARNING:jax._src.dispatch:Finished tracing + transforming ravel for pjit in 0.00031948089599609375 sec
WARNING:jax._src.dispatch:Finished tracing + transforming append for pjit in 0.0017185211181640625 sec
WARNING:jax._src.pjit:TRACING CACHE MISS at /home/antonio/dev/qdots_efficient/qdots_qll/models/single_dot_weak_coupling_GAME.py:159:23 (ExperimentSingleDotWeakCouplingGAME.append.<locals>.append_if_array) because:
  for append defined at /home/antonio/miniconda3/envs/jax_qdots/lib/python3.12/site-packages/jax/_src/numpy/lax_numpy.py:3612
  never seen input type signature:
    arr: f32[4],  values: f32[1]
  closest seen input type signature has 1 mismatches, including:
    * at arr, seen f32[1], but now given f32[4]
WARNING:jax._src.dispatch:Finished tracing + transforming ravel for pjit in 0.00040078163146972656 sec
WARNING:jax._src.dispatch:Finished tracing + transforming append for pjit in 0.0016520023345947266 sec
WARNING:jax._src.pjit:TRACING CACHE MISS at /home/antonio/dev/qdots_efficient/qdots_qll/models/single_dot_weak_coupling_GAME.py:159:23 (ExperimentSingleDotWeakCouplingGAME.append.<locals>.append_if_array) because:
  for append defined at /home/antonio/miniconda3/envs/jax_qdots/lib/python3.12/site-packages/jax/_src/numpy/lax_numpy.py:3612
  never seen input type signature:
    arr: i32[4],  values: i32[1]
  closest seen input type signature has 1 mismatches, including:
    * at arr, seen i32[1], but now given i32[4]
WARNING:jax._src.dispatch:Finished tracing + transforming _reduce_max for pjit in 0.000789642333984375 sec
WARNING:jax._src.dispatch:Finished tracing + transforming resample for pjit in 0.43097424507141113 sec
WARNING:jax._src.pjit:TRACING CACHE MISS at /home/antonio/dev/qdots_efficient/qdots_qll/smc.py:751:29 (_aux_fun_resample) because:
  for MetropolisSampler.resample defined at /home/antonio/dev/qdots_efficient/qdots_qll/resamplers.py:211
  never seen input type signature
  closest seen input type signature has 4 mismatches, including:
    * at subkey, seen f32[2], but now given f32[5]
    * at distribution.particles_locations, seen i32[2], but now given i32[5]
    * at distribution.log_weights, seen i32[2], but now given i32[5]
    * at data.experiment.time, seen i32[2], but now given i32[5]
WARNING:jax._src.dispatch:Finished tracing + transforming step for pjit in 0.5641508102416992 sec
WARNING:jax._src.pjit:TRACING CACHE MISS at /home/antonio/dev/qdots_efficient/profiling/step_abstraction.py:117:26 (<module>) because:
  for SMCUpdater.step defined at /home/antonio/dev/qdots_efficient/qdots_qll/smc.py:684
  never seen input type signature
  closest seen input type signature has 4 mismatches, including:
    * at iteration, seen f32[1], but now given f32[4]
    * at key, seen i32[1], but now given i32[4]
    * at dist.particles_locations, seen i32[1], but now given i32[4]
    * at dist.log_weights, seen i32[1], but now given i32[4]
WARNING:jax._src.interpreters.pxla:Compiling step for with global shapes and types [ShapedArray(float32[], weak_type=True), ShapedArray(float32[4]), ShapedArray(float32[4,4]), ShapedArray(float32[3,2,4]), ShapedArray(float32[2,2], weak_type=True), ShapedArray(float32[2,2], weak_type=True), ShapedArray(float32[2,2], weak_type=True), ShapedArray(complex64[4,4]), ShapedArray(complex64[4,4]), ShapedArray(int32[], weak_type=True), ShapedArray(float32[4,2]), ShapedArray(float32[], weak_type=True), ShapedArray(float32[4,4]), ShapedArray(float32[3,2,4]), ShapedArray(float32[2,2], weak_type=True), ShapedArray(float32[2,2], weak_type=True), ShapedArray(float32[2,2], weak_type=True), ShapedArray(complex64[4,4]), ShapedArray(complex64[4,4]), ShapedArray(float32[4]), ShapedArray(int32[4]), ShapedArray(int32[4]), ShapedArray(int32[4]), ShapedArray(float32[500,4]), ShapedArray(float32[500]), ShapedArray(key<fry>[])]. Argument mapping: [UnspecifiedValue, UnspecifiedValue, UnspecifiedValue, UnspecifiedValue, UnspecifiedValue, UnspecifiedValue, UnspecifiedValue, UnspecifiedValue, UnspecifiedValue, UnspecifiedValue, UnspecifiedValue, UnspecifiedValue, UnspecifiedValue, UnspecifiedValue, UnspecifiedValue, UnspecifiedValue, UnspecifiedValue, UnspecifiedValue, UnspecifiedValue, UnspecifiedValue, UnspecifiedValue, UnspecifiedValue, UnspecifiedValue, UnspecifiedValue, UnspecifiedValue, UnspecifiedValue].
WARNING:jax._src.dispatch:Finished jaxpr to MLIR module conversion jit(step) in 1.181246280670166 sec
DEBUG:jax._src.compiler:get_compile_options: num_replicas=1 num_partitions=1 device_assignment=[[cuda(id=0)]]
DEBUG:jax._src.compiler:get_compile_options XLA-AutoFDO profile: using XLA-AutoFDO profile version -1
DEBUG:jax._src.compiler:'jit_step' took at least 0.00 seconds to compile (4.25s)
INFO:jax._src.compilation_cache:Writing jit_step to persistent compilation cache with key jit_step-9ff6973bca8c30a41ed8add6e5e90abd651d5b0be15c4ed20712696783ecccc6.
WARNING:jax._src.dispatch:Finished XLA compilation of jit(step) in 4.390664100646973 sec
WARNING:jax._src.dispatch:Finished tracing + transforming ravel for pjit in 0.00030159950256347656 sec
WARNING:jax._src.dispatch:Finished tracing + transforming append for pjit in 0.0014376640319824219 sec
WARNING:jax._src.pjit:TRACING CACHE MISS at /home/antonio/dev/qdots_efficient/qdots_qll/models/single_dot_weak_coupling_GAME.py:159:23 (ExperimentSingleDotWeakCouplingGAME.append.<locals>.append_if_array) because:
  for append defined at /home/antonio/miniconda3/envs/jax_qdots/lib/python3.12/site-packages/jax/_src/numpy/lax_numpy.py:3612
  never seen input type signature:
    arr: f32[5],  values: f32[1]
  closest seen input type signature has 1 mismatches, including:
    * at arr, seen f32[1], but now given f32[5]
WARNING:jax._src.dispatch:Finished tracing + transforming ravel for pjit in 0.0002906322479248047 sec
WARNING:jax._src.dispatch:Finished tracing + transforming append for pjit in 0.001348257064819336 sec
WARNING:jax._src.pjit:TRACING CACHE MISS at /home/antonio/dev/qdots_efficient/qdots_qll/models/single_dot_weak_coupling_GAME.py:159:23 (ExperimentSingleDotWeakCouplingGAME.append.<locals>.append_if_array) because:
  for append defined at /home/antonio/miniconda3/envs/jax_qdots/lib/python3.12/site-packages/jax/_src/numpy/lax_numpy.py:3612
  never seen input type signature:
    arr: i32[5],  values: i32[1]
  closest seen input type signature has 1 mismatches, including:
    * at arr, seen i32[1], but now given i32[5]
WARNING:jax._src.dispatch:Finished tracing + transforming _reduce_max for pjit in 0.0007567405700683594 sec
WARNING:jax._src.dispatch:Finished tracing + transforming resample for pjit in 0.40489721298217773 sec
WARNING:jax._src.pjit:TRACING CACHE MISS at /home/antonio/dev/qdots_efficient/qdots_qll/smc.py:751:29 (_aux_fun_resample) because:
  for MetropolisSampler.resample defined at /home/antonio/dev/qdots_efficient/qdots_qll/resamplers.py:211
  never seen input type signature
  closest seen input type signature has 4 mismatches, including:
    * at subkey, seen f32[2], but now given f32[6]
    * at distribution.particles_locations, seen i32[2], but now given i32[6]
    * at distribution.log_weights, seen i32[2], but now given i32[6]
    * at data.experiment.time, seen i32[2], but now given i32[6]
WARNING:jax._src.dispatch:Finished tracing + transforming step for pjit in 0.5174190998077393 sec
WARNING:jax._src.pjit:TRACING CACHE MISS at /home/antonio/dev/qdots_efficient/profiling/step_abstraction.py:117:26 (<module>) because:
  for SMCUpdater.step defined at /home/antonio/dev/qdots_efficient/qdots_qll/smc.py:684
  never seen input type signature
  closest seen input type signature has 4 mismatches, including:
    * at iteration, seen f32[1], but now given f32[5]
    * at key, seen i32[1], but now given i32[5]
    * at dist.particles_locations, seen i32[1], but now given i32[5]
    * at dist.log_weights, seen i32[1], but now given i32[5]
WARNING:jax._src.interpreters.pxla:Compiling step for with global shapes and types [ShapedArray(float32[], weak_type=True), ShapedArray(float32[4]), ShapedArray(float32[4,4]), ShapedArray(float32[3,2,4]), ShapedArray(float32[2,2], weak_type=True), ShapedArray(float32[2,2], weak_type=True), ShapedArray(float32[2,2], weak_type=True), ShapedArray(complex64[4,4]), ShapedArray(complex64[4,4]), ShapedArray(int32[], weak_type=True), ShapedArray(float32[4,2]), ShapedArray(float32[], weak_type=True), ShapedArray(float32[4,4]), ShapedArray(float32[3,2,4]), ShapedArray(float32[2,2], weak_type=True), ShapedArray(float32[2,2], weak_type=True), ShapedArray(float32[2,2], weak_type=True), ShapedArray(complex64[4,4]), ShapedArray(complex64[4,4]), ShapedArray(float32[5]), ShapedArray(int32[5]), ShapedArray(int32[5]), ShapedArray(int32[5]), ShapedArray(float32[500,4]), ShapedArray(float32[500]), ShapedArray(key<fry>[])]. Argument mapping: [UnspecifiedValue, UnspecifiedValue, UnspecifiedValue, UnspecifiedValue, UnspecifiedValue, UnspecifiedValue, UnspecifiedValue, UnspecifiedValue, UnspecifiedValue, UnspecifiedValue, UnspecifiedValue, UnspecifiedValue, UnspecifiedValue, UnspecifiedValue, UnspecifiedValue, UnspecifiedValue, UnspecifiedValue, UnspecifiedValue, UnspecifiedValue, UnspecifiedValue, UnspecifiedValue, UnspecifiedValue, UnspecifiedValue, UnspecifiedValue, UnspecifiedValue, UnspecifiedValue].
WARNING:jax._src.dispatch:Finished jaxpr to MLIR module conversion jit(step) in 0.8859198093414307 sec
DEBUG:jax._src.compiler:get_compile_options: num_replicas=1 num_partitions=1 device_assignment=[[cuda(id=0)]]
DEBUG:jax._src.compiler:get_compile_options XLA-AutoFDO profile: using XLA-AutoFDO profile version -1
DEBUG:jax._src.compiler:'jit_step' took at least 0.00 seconds to compile (4.19s)
INFO:jax._src.compilation_cache:Writing jit_step to persistent compilation cache with key jit_step-e2a614230a2562f3a739e5cdb0c4bc0c9c85d85a630c7c26b2c9deb13c20b836.
WARNING:jax._src.dispatch:Finished XLA compilation of jit(step) in 4.333634376525879 sec
WARNING:jax._src.dispatch:Finished tracing + transforming ravel for pjit in 0.00030803680419921875 sec
WARNING:jax._src.dispatch:Finished tracing + transforming append for pjit in 0.0014600753784179688 sec
WARNING:jax._src.pjit:TRACING CACHE MISS at /home/antonio/dev/qdots_efficient/qdots_qll/models/single_dot_weak_coupling_GAME.py:159:23 (ExperimentSingleDotWeakCouplingGAME.append.<locals>.append_if_array) because:
  for append defined at /home/antonio/miniconda3/envs/jax_qdots/lib/python3.12/site-packages/jax/_src/numpy/lax_numpy.py:3612
  never seen input type signature:
    arr: f32[6],  values: f32[1]
  closest seen input type signature has 1 mismatches, including:
    * at arr, seen f32[1], but now given f32[6]
WARNING:jax._src.dispatch:Finished tracing + transforming ravel for pjit in 0.0002944469451904297 sec
WARNING:jax._src.dispatch:Finished tracing + transforming append for pjit in 0.0013926029205322266 sec
WARNING:jax._src.pjit:TRACING CACHE MISS at /home/antonio/dev/qdots_efficient/qdots_qll/models/single_dot_weak_coupling_GAME.py:159:23 (ExperimentSingleDotWeakCouplingGAME.append.<locals>.append_if_array) because:
  for append defined at /home/antonio/miniconda3/envs/jax_qdots/lib/python3.12/site-packages/jax/_src/numpy/lax_numpy.py:3612
  never seen input type signature:
    arr: i32[6],  values: i32[1]
  closest seen input type signature has 1 mismatches, including:
    * at arr, seen i32[1], but now given i32[6]
WARNING:jax._src.dispatch:Finished tracing + transforming _reduce_max for pjit in 0.0008070468902587891 sec
WARNING:jax._src.dispatch:Finished tracing + transforming resample for pjit in 0.3964416980743408 sec
WARNING:jax._src.pjit:TRACING CACHE MISS at /home/antonio/dev/qdots_efficient/qdots_qll/smc.py:751:29 (_aux_fun_resample) because:
  for MetropolisSampler.resample defined at /home/antonio/dev/qdots_efficient/qdots_qll/resamplers.py:211
  never seen input type signature
  closest seen input type signature has 4 mismatches, including:
    * at subkey, seen f32[2], but now given f32[7]
    * at distribution.particles_locations, seen i32[2], but now given i32[7]
    * at distribution.log_weights, seen i32[2], but now given i32[7]
    * at data.experiment.time, seen i32[2], but now given i32[7]
WARNING:jax._src.dispatch:Finished tracing + transforming step for pjit in 0.5075273513793945 sec
WARNING:jax._src.pjit:TRACING CACHE MISS at /home/antonio/dev/qdots_efficient/profiling/step_abstraction.py:117:26 (<module>) because:
  for SMCUpdater.step defined at /home/antonio/dev/qdots_efficient/qdots_qll/smc.py:684
  never seen input type signature
  closest seen input type signature has 4 mismatches, including:
    * at iteration, seen f32[1], but now given f32[6]
    * at key, seen i32[1], but now given i32[6]
    * at dist.particles_locations, seen i32[1], but now given i32[6]
    * at dist.log_weights, seen i32[1], but now given i32[6]
WARNING:jax._src.interpreters.pxla:Compiling step for with global shapes and types [ShapedArray(float32[], weak_type=True), ShapedArray(float32[4]), ShapedArray(float32[4,4]), ShapedArray(float32[3,2,4]), ShapedArray(float32[2,2], weak_type=True), ShapedArray(float32[2,2], weak_type=True), ShapedArray(float32[2,2], weak_type=True), ShapedArray(complex64[4,4]), ShapedArray(complex64[4,4]), ShapedArray(int32[], weak_type=True), ShapedArray(float32[4,2]), ShapedArray(float32[], weak_type=True), ShapedArray(float32[4,4]), ShapedArray(float32[3,2,4]), ShapedArray(float32[2,2], weak_type=True), ShapedArray(float32[2,2], weak_type=True), ShapedArray(float32[2,2], weak_type=True), ShapedArray(complex64[4,4]), ShapedArray(complex64[4,4]), ShapedArray(float32[6]), ShapedArray(int32[6]), ShapedArray(int32[6]), ShapedArray(int32[6]), ShapedArray(float32[500,4]), ShapedArray(float32[500]), ShapedArray(key<fry>[])]. Argument mapping: [UnspecifiedValue, UnspecifiedValue, UnspecifiedValue, UnspecifiedValue, UnspecifiedValue, UnspecifiedValue, UnspecifiedValue, UnspecifiedValue, UnspecifiedValue, UnspecifiedValue, UnspecifiedValue, UnspecifiedValue, UnspecifiedValue, UnspecifiedValue, UnspecifiedValue, UnspecifiedValue, UnspecifiedValue, UnspecifiedValue, UnspecifiedValue, UnspecifiedValue, UnspecifiedValue, UnspecifiedValue, UnspecifiedValue, UnspecifiedValue, UnspecifiedValue, UnspecifiedValue].
WARNING:jax._src.dispatch:Finished jaxpr to MLIR module conversion jit(step) in 0.8823873996734619 sec
DEBUG:jax._src.compiler:get_compile_options: num_replicas=1 num_partitions=1 device_assignment=[[cuda(id=0)]]
DEBUG:jax._src.compiler:get_compile_options XLA-AutoFDO profile: using XLA-AutoFDO profile version -1
DEBUG:jax._src.compiler:'jit_step' took at least 0.00 seconds to compile (4.25s)
INFO:jax._src.compilation_cache:Writing jit_step to persistent compilation cache with key jit_step-a6ee8a0f8e24bf757db515a67c522e4e20871382c1d4efecbedf977082a0f363.
WARNING:jax._src.dispatch:Finished XLA compilation of jit(step) in 4.392799377441406 sec
